,N_real,mean(N_rand),sd(N_rand),Z-score,P-value,network_label,size
021C,2422.3,2380.15,15.759210466798853,2.83302016795759,0.0,dag,500
021D,1373.4,1360.82,7.859447361990769,1.7137512488984772,0.05,dag,500
021U,1376.2,1364.19,6.97699907120284,1.8363879377968408,0.09,dag,500
030C,0.0,3.14,1.8516808765216042,-1.7750010485985352,0.06999999999999999,dag,500
030T,13.4,11.54,2.8892161396438287,0.6581169875446016,0.22999999999999998,dag,500
