,N_real,mean(N_rand),sd(N_rand),Z-score,P-value,network_label,size
021C,7233.9,7193.25,15.144642246402322,2.7914393232818693,0.0,dag,1500
021D,4126.5,4114.780000000001,7.408850104426205,1.6050833721059798,0.07,dag,1500
021U,4095.8,4084.34,6.8162927560546125,1.7431447492457888,0.1,dag,1500
030C,0.0,3.34,1.6712415534364662,-2.1310523932311787,0.04,dag,1500
030T,13.7,12.21,3.2356954837181378,0.46712925242870185,0.2,dag,1500
