,N_real,mean(N_rand),sd(N_rand),Z-score,P-value,network_label,size
021C,24053.7,17967.030000000002,1389.9236080032072,4.404190462215126,0.0,fflatt,1000
021D,167337.2,161774.19,1315.2913725708463,4.256119032557391,0.0,fflatt,1000
021U,3146.4,2711.53,84.09998994455552,5.095527811899157,0.0,fflatt,1000
030C,0.0,22.189999999999998,6.240052783239174,-3.6345101389117502,0.0,fflatt,1000
030T,720.6,569.8500000000001,65.558300735537,2.444136188668067,0.08,fflatt,1000
