,N_real,mean(N_rand),sd(N_rand),Z-score,P-value,network_label,size
021C,53059.4,38867.81,2388.8459159239164,6.508577080625453,0.0,fflatt,1500
021D,418754.7,405576.01,2293.563074181349,6.304618101066275,0.0,fflatt,1500
021U,5142.2,4377.629999999999,113.35333643343623,6.398431270192467,0.0,fflatt,1500
030C,0.0,34.57000000000001,9.081789536959098,-4.052254562980647,0.0,fflatt,1500
030T,1131.2,829.0799999999999,70.79606977108901,4.980141274145632,0.02,fflatt,1500
