,N_real,mean(N_rand),sd(N_rand),Z-score,P-value,network_label,size
021C,3770.7,7393.92,474.23941378291454,-7.861932422434828,0.0,gnw,1500
021D,258585.8,261945.63999999998,465.61797154571207,-7.4308416928480465,0.0,gnw,1500
021U,3491.0,4171.9400000000005,85.2742060302398,-8.351423817464436,0.0,gnw,1500
030C,0.0,3.4200000000000004,1.9848439158604194,-1.7187184920393368,0.04,gnw,1500
030T,956.0,841.7,98.2518932733133,1.1904097617059197,0.13,gnw,1500
