,N_real,mean(N_rand),sd(N_rand),Z-score,P-value,network_label,size
021C,516.7,1237.98,143.54875047717235,-6.7819246129894655,0.02,gnw,500
021D,38207.1,38846.36,140.38033504609842,-6.248681846503439,0.02,gnw,500
021U,526.6,593.5799999999999,26.2967499568954,-3.8253346085993534,0.01,gnw,500
030C,0.0,1.2100000000000002,0.9751885159318642,-1.3213492603209978,0.31,gnw,500
030T,147.3,211.43,34.16517219243788,-1.8411791331916034,0.030000000000000006,gnw,500
