,N_real,mean(N_rand),sd(N_rand),Z-score,P-value,network_label,size
021C,802.1,2064.9900000000002,210.96820200271276,-6.617003575625587,0.0,gnw,750
021D,72392.9,73538.49,206.13417680699362,-6.167525230141559,0.0,gnw,750
021U,955.7,1150.3899999999999,39.16825745556301,-6.956223169774104,0.0,gnw,750
030C,0.0,0.97,1.0054794483728808,-0.9593402087152872,0.4899999999999999,gnw,750
030T,270.8,271.65,43.08518677846218,0.6692519177887614,0.14,gnw,750
