,N_real,mean(N_rand),sd(N_rand),Z-score,P-value,network_label,size
021C,4246.7,4214.74,224.9021116062873,-0.007927539590676302,0.19,networkx,750
021D,32483.5,32464.960000000003,210.03224542662286,-0.0862904539153133,0.2,networkx,750
021U,2427.6,2369.5000000000005,24.57948183078335,2.7208772333904547,0.04,networkx,750
030C,4.0,5.01,2.1736921010947126,-0.4039543788029218,0.33999999999999997,networkx,750
030T,157.3,202.93,23.78587760671199,-1.981674009075664,0.06,networkx,750
