,N_real,mean(N_rand),sd(N_rand),Z-score,P-value,network_label,size
021C,2525.2,2422.6400000000003,114.97663670697436,0.9726865306426109,0.13,networkx,500
021D,16157.6,16059.069999999998,105.4148562150945,0.9808111159739645,0.14,networkx,500
021U,1625.1,1578.65,18.92128761592275,2.515654640970413,0.06,networkx,500
030C,3.5,3.37,1.674328244219326,0.22434504816920825,0.34,networkx,500
030T,110.3,150.11,14.122796160296312,-3.117924092526902,0.03,networkx,500
