,N_real,mean(N_rand),sd(N_rand),Z-score,P-value,network_label,size
021C,4157.7,4162.280000000001,19.071959590592286,-0.25591480025945174,0.29,randg,750
021D,2081.7,2082.9399999999996,8.068688911441818,-0.32498806029691035,0.24,randg,750
021U,2071.4,2075.4100000000003,8.710311973208473,-0.48205770928387653,0.2,randg,750
030C,4.5,4.64,2.0810343971625587,-0.054669160024181894,0.41000000000000003,randg,750
030T,14.0,13.180000000000001,3.322094651825265,0.13420255368709794,0.18000000000000002,randg,750
