,N_real,mean(N_rand),sd(N_rand),Z-score,P-value,network_label,size
021C,15517.75,10690.6,888.6282136624502,4.631107428178473,0.0125,fflatt,750
021D,109655.25,105213.88750000001,852.9511143440903,4.396572155051953,0.037500000000000006,fflatt,750
021U,3666.0,3361.0999999999995,57.47268047456928,6.193110878885787,0.0,fflatt,750
030C,0.0,20.8625,5.075881007975431,-4.2114547896451935,0.0,fflatt,750
030T,744.625,667.5125,45.65398667336237,1.5112277058790335,0.11249999999999999,fflatt,750
