,N_real,mean(N_rand),sd(N_rand),Z-score,P-value,network_label,size
021C,45659.0,33340.97000000001,2926.819827556014,4.272546898539073,0.02,fflatt,1500
021D,515296.7,503609.7,2842.7360702771994,4.1508249683953835,0.02,fflatt,1500
021U,7854.6,7494.57,102.30642287784555,3.8567417850895387,0.030000000000000006,fflatt,1500
030C,0.0,41.53,10.332964044127348,-4.187219876638223,0.0,fflatt,1500
030T,1586.1,1395.06,82.08353244428349,2.464757511654423,0.030000000000000006,fflatt,1500
