,N_real,mean(N_rand),sd(N_rand),Z-score,P-value,network_label,size
021C,24703.9,18386.55,1343.1965775816175,5.173131348418061,0.0,fflatt,1000
021D,195348.9,189531.49999999997,1289.1709178331323,4.92758591275821,0.0,fflatt,1000
021U,5196.2,4830.5,71.78985117486111,5.387867201540485,0.0,fflatt,1000
030C,0.0,31.23,7.082249621294601,-4.745665009022292,0.0,fflatt,1000
030T,996.9,890.5,63.73607577886618,1.7042147517090318,0.12000000000000002,fflatt,1000
