,N_real,mean(N_rand),sd(N_rand),Z-score,P-value,network_label,size
021C,8200.4,6380.610000000001,476.37462155166793,3.9065948059072917,0.01,fflatt,500
021D,38112.1,36556.13,440.7973152789864,3.588800352355096,0.01,fflatt,500
021U,2427.7,2204.6,50.11361559447517,4.7794379642933835,0.01,fflatt,500
030C,0.0,17.73,4.390035893923651,-4.187198172717346,0.0,fflatt,500
030T,431.3,402.25999999999993,41.223889079194166,0.5135909359515416,0.10999999999999999,fflatt,500
