,N_real,mean(N_rand),sd(N_rand),Z-score,P-value,network_label,size
021C,2136.2,2415.73,142.79166894616503,-1.9759418420679427,0.1,gnw,500
021D,67744.6,68022.38999999998,137.49550579647683,-2.0289719759014284,0.11000000000000001,gnw,500
021U,3714.7,3925.95,44.84329684932635,-4.927297299425154,0.0,gnw,500
030C,1.6,1.2,0.9417212001540634,,0.6199999999999999,gnw,500
030T,730.2,622.46,56.55969891722301,2.061978729193726,0.04,gnw,500
