,N_real,mean(N_rand),sd(N_rand),Z-score,P-value,network_label,size
021C,4493.3,4944.8,253.21217945737413,-2.0560477387146068,0.05,gnw,1000
021D,130163.7,130613.5,246.2079114822866,-2.0960702038575407,0.05,gnw,1000
021U,5620.8,5976.7,51.96114699504517,-7.16266122234452,0.0,gnw,1000
030C,2.9,1.75,1.430332270991166,0.8870059425106307,0.4,gnw,1000
030T,998.1,778.28,58.958908688005536,4.044628467492843,0.02,gnw,1000
