,N_real,mean(N_rand),sd(N_rand),Z-score,P-value,network_label,size
021C,4738.9,5039.969999999999,222.8759162298511,-1.005007204185011,0.2,gnw,1500
021D,184201.3,184505.20999999996,216.59140006396487,-1.0555960404292422,0.19000000000000003,gnw,1500
021U,5792.9,6059.889999999999,44.20207510787209,-5.05972551879054,0.13999999999999999,gnw,1500
030C,1.5,1.61,0.9709078179204974,-0.15770248021451788,0.62,gnw,1500
030T,802.7,625.4200000000001,51.18131367860201,2.7572099549867857,0.11000000000000001,gnw,1500
