,N_real,mean(N_rand),sd(N_rand),Z-score,P-value,network_label,size
021C,3040.1,3301.2700000000004,204.59474138495992,-1.0927138639193683,0.11000000000000001,gnw,750
021D,100493.2,100755.55000000002,196.41005035111732,-1.1571059492302418,0.11000000000000001,gnw,750
021U,4099.9,4320.49,44.337074443645236,-4.563835599886561,0.06000000000000001,gnw,750
030C,1.6,1.41,1.115601950957195,0.13082293553078414,0.56,gnw,750
030T,786.8,690.1100000000001,55.82234579283181,1.2624188789962885,0.13000000000000003,gnw,750
