,N_real,mean(N_rand),sd(N_rand),Z-score,P-value,network_label,size
021C,4259.0,4074.12,202.54449477133096,0.9522571720573498,0.19,networkx,500
021D,20787.8,20610.22,187.7671091560712,0.9672997011064567,0.19,networkx,500
021U,2771.2,2690.94,29.839353124418984,2.7776565782868166,0.02,networkx,500
030C,11.9,8.25,2.9425092603881424,1.147023572248496,0.21999999999999997,networkx,500
030T,205.3,265.58000000000004,20.794816955898398,-3.0170122302982536,0.030000000000000006,networkx,500
