,N_real,mean(N_rand),sd(N_rand),Z-score,P-value,network_label,size
021C,6321.9,6227.86,239.18757106539982,0.787917117775254,0.16999999999999998,networkx,750
021D,31325.8,31249.889999999996,223.70743006228003,0.6877317452937955,0.15000000000000002,networkx,750
021U,4277.4,4171.83,33.1827903321436,3.460899920323586,0.0,networkx,750
030C,8.9,8.58,2.9851913214718335,0.0028558980163606584,0.22000000000000003,networkx,750
030T,206.2,292.89,25.39513771517054,-3.4369603594387996,0.01,networkx,750
