,N_real,mean(N_rand),sd(N_rand),Z-score,P-value,network_label,size
021C,8588.8,8568.099999999999,287.2870592556892,0.2469297606337913,0.15000000000000002,networkx,1000
021D,54209.6,54176.079999999994,269.96350370108684,0.3309934209680769,0.17,networkx,1000
021U,5836.9,5741.33,34.32703053545513,2.8267867182693847,0.04,networkx,1000
030C,10.6,9.28,3.0527396609099795,0.5999185003887121,0.22000000000000003,networkx,1000
030T,262.3,358.23,29.513235606300718,-3.4368505147561415,0.0,networkx,1000
