,N_real,mean(N_rand),sd(N_rand),Z-score,P-value,network_label,size
021C,12283.5,12156.169999999998,314.60456483011137,0.4777425405609671,0.21000000000000002,networkx,1500
021D,99354.2,99234.18000000001,306.2245351425533,0.4663064639708215,0.21000000000000002,networkx,1500
021U,8836.4,8740.45,27.83393218305349,3.564462023235243,0.0,networkx,1500
030C,9.6,8.27,2.77939701225636,0.4983219254388035,0.31999999999999995,networkx,1500
030T,338.1,420.01000000000005,22.92729587193729,-3.7118417406137247,0.01,networkx,1500
