,N_real,mean(N_rand),sd(N_rand),Z-score,P-value,network_label,size
021C,4813.7,4774.7,17.76579794386143,2.2727246176849745,0.0,dag,1000
021D,2731.4,2720.79,8.120092760541285,1.361997256628247,0.13,dag,1000
021U,2749.9,2739.9200000000005,7.875095846948378,1.3459968542368848,0.13999999999999999,dag,1000
030C,0.0,3.04,1.4950227852409572,-2.169019608852968,0.030000000000000006,dag,1000
030T,14.8,11.64,2.9450283895348326,1.0624678627850108,0.23000000000000004,dag,1000
