,N_real,mean(N_rand),sd(N_rand),Z-score,P-value,network_label,size
021C,3590.1,3548.7599999999993,17.662742457566143,2.396516170272675,0.0,dag,750
021D,2055.8,2044.9699999999998,7.7646692339894186,1.4091849159665402,0.11000000000000001,dag,750
021U,2067.1,2054.7200000000003,8.28353531834038,1.5130303342068723,0.1,dag,750
030C,0.0,3.01,1.4535238673623792,-2.1310737966005426,0.04,dag,750
030T,14.9,12.239999999999998,3.5853177937140677,0.7879067668626404,0.19,dag,750
