,N_real,mean(N_rand),sd(N_rand),Z-score,P-value,network_label,size
021C,17380.2,11670.380000000001,1121.4258831009654,5.024968408694214,0.0,fflatt,750
021D,111486.9,106272.37999999998,1070.9217643192962,4.779612312754786,0.01,fflatt,750
021U,2352.9,1982.97,64.09508721379711,6.029108371660538,0.0,fflatt,750
030C,0.0,18.83,5.865890813647091,-3.420004706234073,0.0,fflatt,750
030T,634.4,470.23,47.654384552758415,3.8471593978584537,0.04,fflatt,750
