,N_real,mean(N_rand),sd(N_rand),Z-score,P-value,network_label,size
021C,9454.0,5956.11,628.0412294588126,5.731853700607594,0.0,fflatt,500
021D,46303.2,43192.82,588.0584581785872,5.41800313731056,0.0,fflatt,500
021U,1466.5,1174.9899999999998,45.79899255291677,6.3530399259953585,0.0,fflatt,500
030C,0.0,14.069999999999999,4.547918749206417,-3.193646955731874,0.0,fflatt,500
030T,383.5,280.96999999999997,35.92878932103435,2.9511439092648795,0.030000000000000006,fflatt,500
