,N_real,mean(N_rand),sd(N_rand),Z-score,P-value,network_label,size
021C,1184.1,3339.6,292.78227683718194,-7.6451615119410645,0.0,gnw,1000
021D,139130.2,141115.66999999998,289.4830076361982,-7.105673467312137,0.0,gnw,1000
021U,1831.7,2268.68,55.33427520427972,-8.259653035296044,0.0,gnw,1000
030C,0.0,1.1400000000000001,1.072492028779738,-1.053515688938498,0.39999999999999997,gnw,1000
030T,484.4,462.94000000000005,63.19130477351011,0.3651260684926279,0.30000000000000004,gnw,1000
