,N_real,mean(N_rand),sd(N_rand),Z-score,P-value,network_label,size
021C,7552.6,7594.51,332.04715782280437,0.20221976512859507,0.2,networkx,1500
021D,104989.7,105025.23000000001,324.4309049335355,0.21490820034353764,0.18,networkx,1500
021U,4999.8,4939.780000000001,28.14023084538755,2.2334592143436858,0.08,networkx,1500
030C,4.1,3.9499999999999993,1.7137853662032334,0.09676713707140615,0.25,networkx,1500
030T,246.6,310.32000000000005,23.948997574899117,-2.706004643341547,0.0,networkx,1500
