,N_real,mean(N_rand),sd(N_rand),Z-score,P-value,network_label,size
021C,5106.0,5032.74,252.76758138759996,0.419494150999504,0.19999999999999998,networkx,1000
021D,55608.0,55542.15,245.4658025550396,0.3649933224866601,0.18,networkx,1000
021U,3283.5,3215.77,24.79931068445568,2.8858680337313545,0.01,networkx,1000
030C,3.3,4.020000000000001,1.8403368993739435,-0.41928094858703335,0.27,networkx,1000
030T,194.8,255.45,23.67917219521855,-2.720839092232057,0.01,networkx,1000
