,N_real,mean(N_rand),sd(N_rand),Z-score,P-value,network_label,size
021C,2748.8,2750.04,20.170062101055652,-0.2649708624842354,0.15,randg,500
021D,1377.0,1378.5900000000001,9.569284915325463,-0.3817096589112444,0.16,randg,500
021U,1381.2,1380.66,9.149733538111345,-0.059991897960694415,0.24000000000000005,randg,500
030C,4.0,4.38,1.7574015678045218,-0.22015062071911246,0.35,randg,500
030T,12.2,13.86,3.7210482194525896,-0.41847935402518815,0.31,randg,500
