,N_real,mean(N_rand),sd(N_rand),Z-score,P-value,network_label,size
021C,8399.9,8404.37,20.525606172813713,-0.25399632959245155,0.15,randg,1500
021D,4175.6,4179.54,9.136860144894605,-0.5229976930722822,0.15000000000000002,randg,1500
021U,4223.8,4225.9400000000005,9.174355967597977,-0.16528407907166562,0.2,randg,1500
030C,3.7,4.33,2.044601275326588,-0.533931199823906,0.25000000000000006,randg,1500
030T,13.6,12.89,3.764099309064309,0.03594295217927623,0.26,randg,1500
