,N_real,mean(N_rand),sd(N_rand),Z-score,P-value,network_label,size
021C,5614.9,5612.18,20.475788987304362,0.1026791634713681,0.33999999999999997,randg,1000
021D,2758.3,2759.9199999999996,8.826166448884466,-0.13541912425648922,0.24000000000000005,randg,1000
021U,2814.8,2811.93,9.278090241825574,0.3514794948807458,0.36,randg,1000
030C,4.5,4.549999999999999,1.8692704696045148,0.01308702551351346,0.24000000000000005,randg,1000
030T,13.9,13.48,3.498956627473729,0.15925471742662678,0.33000000000000007,randg,1000
