,N_real,mean(N_rand),sd(N_rand),Z-score,P-value,size,p2_value,p4_value,cascade_value,rep_num
021C,10441.0,5720.61,493.2313431849197,9.570336648760492,0.0,500,0.5,0.9,1,8
021D,34509.0,30862.32,434.91440261274397,8.384822342264608,0.0,500,0.5,0.9,1,8
021U,1266.0,1126.18,53.65619815081944,2.6058499263586867,0.01,500,0.5,0.9,1,8
030C,29.0,22.43,6.353353445228748,1.0340995596481335,0.18,500,0.5,0.9,1,8
030T,1636.0,520.55,62.092410969457454,17.96435317270378,0.0,500,0.5,0.9,1,8
