,N_real,mean(N_rand),sd(N_rand),Z-score,P-value,size,p2_value,p4_value,cascade_value,rep_num
021C,7841.0,4793.77,473.3229733490653,6.4379507684549555,0.0,500,0.9,0.7,1,8
021D,44700.0,41959.08,445.98131530367954,6.145818010634906,0.0,500,0.9,0.7,1,8
021U,998.0,794.31,35.96489816473835,5.66357783266872,0.0,500,0.9,0.7,1,8
030C,5.0,13.02,5.215323575771689,-1.537776109857827,0.04,500,0.9,0.7,1,8
030T,499.0,319.07,52.654582896458315,3.417176437496812,0.0,500,0.9,0.7,1,8
