,N_real,mean(N_rand),sd(N_rand),Z-score,P-value,size,p2_value,p4_value,cascade_value,rep_num
021C,3345.0,6930.12,764.0645166476454,-4.692169210696781,0.0,500,0.7,0.9,10,1
021D,50537.0,54012.27,723.9536705480538,-4.800403867514226,0.0,500,0.7,0.9,10,1
021U,709.0,836.56,48.87889524119792,-2.609715284491232,0.0,500,0.7,0.9,10,1
030C,6.0,19.39,5.920971204118459,-2.2614533221655084,0.0,500,0.7,0.9,10,1
030T,346.0,299.6,42.67716016793995,1.0872326044518938,0.14,500,0.7,0.9,10,1
