,N_real,mean(N_rand),sd(N_rand),Z-score,P-value,size,p2_value,p4_value,cascade_value,rep_num
021C,10312.0,6110.59,546.2623929028979,7.691193929117561,0.0,500,0.9,0.7,1,4
021D,51344.0,47623.58,512.3943633569753,7.26085270654715,0.0,500,0.9,0.7,1,4
021U,1260.0,909.88,43.69926315168255,8.01203440856003,0.0,500,0.9,0.7,1,4
030C,4.0,13.3,4.952776998815917,-1.8777344512428873,0.01,500,0.9,0.7,1,4
030T,493.0,287.91,48.12818197272779,4.2613286351895825,0.0,500,0.9,0.7,1,4
