,N_real,mean(N_rand),sd(N_rand),Z-score,P-value,size,p2_value,p4_value,cascade_value,rep_num
021C,11991.0,6841.44,510.6067433945619,10.085178205374334,0.0,500,0.5,0.7,1,7
021D,34688.0,30762.92,438.48511217600077,8.951455570570293,0.0,500,0.5,0.7,1,7
021U,1947.0,1632.12,87.47745766767574,3.5995559129784027,0.0,500,0.5,0.7,1,7
030C,25.0,32.71,9.389669855751054,-0.8211151316760859,0.25,500,0.5,0.7,1,7
030T,1473.0,485.59,55.422395292877766,17.81608309749273,0.0,500,0.5,0.7,1,7
