,N_real,mean(N_rand),sd(N_rand),Z-score,P-value,size,p2_value,p4_value,cascade_value,rep_num
021C,8292.0,5256.65,571.3180090807571,5.312890459875118,0.0,500,0.9,0.9,1,8
021D,55189.0,52433.74,537.084939651076,5.130026549971763,0.0,500,0.9,0.9,1,8
021U,1058.0,833.02,43.80136527552537,5.136369576263203,0.0,500,0.9,0.9,1,8
030C,1.0,10.96,4.202189905275581,-2.3701927386708195,0.01,500,0.9,0.9,1,8
030T,491.0,346.23,55.22877058200734,2.6212787008364757,0.03,500,0.9,0.9,1,8
