,N_real,mean(N_rand),sd(N_rand),Z-score,P-value,size,p2_value,p4_value,cascade_value,rep_num
021C,10156.0,4882.83,520.4970711733159,10.131027227709668,0.0,500,0.5,0.5,1,7
021D,49761.0,45243.01,489.6484145792775,9.227008329807434,0.0,500,0.5,0.5,1,7
021U,1042.0,965.24,49.460311361737304,1.5519514108716639,0.08,500,0.5,0.5,1,7
030C,22.0,18.56,6.43633436048812,0.5344657078597014,0.3,500,0.5,0.5,1,7
030T,1365.0,519.31,51.60788602529656,16.38683668587916,0.0,500,0.5,0.5,1,7
