,N_real,mean(N_rand),sd(N_rand),Z-score,P-value,size,p2_value,p4_value,cascade_value,rep_num
021C,7833.0,4595.79,582.458432765807,5.557838667779418,0.0,500,0.9,0.5,1,4
021D,53590.0,50605.77,556.6229218241017,5.361313526615868,0.0,500,0.9,0.5,1,4
021U,921.0,797.7,38.41523135424281,3.209664387102069,0.0,500,0.9,0.5,1,4
030C,7.0,9.47,4.092566431959291,-0.6035332696646059,0.37,500,0.9,0.5,1,4
030T,570.0,329.6,53.89081554402382,4.460871441138525,0.0,500,0.9,0.5,1,4
