,N_real,mean(N_rand),sd(N_rand),Z-score,P-value,size,p2_value,p4_value,cascade_value,rep_num
021C,2085.0,4264.88,573.2134555294389,-3.8029114267504256,0.0,500,0.9,0.5,10,0
021D,54296.0,56401.07,553.2313305480809,-3.8050448045206102,0.0,500,0.9,0.5,10,0
021U,524.0,592.33,34.375879625109235,-1.9877309539474195,0.01,500,0.9,0.5,10,0
030C,0.0,13.44,5.499672717535108,-2.443781783077386,0.0,500,0.9,0.5,10,0
030T,330.0,326.28,48.097625721027015,0.07734269507556464,0.37,500,0.9,0.5,10,0
