,N_real,mean(N_rand),sd(N_rand),Z-score,P-value,size,p2_value,p4_value,cascade_value,rep_num
021C,3101.0,4076.73,396.1334586979494,-2.4631345284670623,0.01,500,0.7,0.7,3,2
021D,45704.0,46716.69,370.93020084646656,-2.730136283562334,0.0,500,0.7,0.7,3,2
021U,573.0,761.12,41.40634733950823,-4.543264791205179,0.0,500,0.7,0.7,3,2
030C,0.0,24.13,6.908914531241504,-3.492589160118606,0.0,500,0.7,0.7,3,2
030T,629.0,463.36,51.44405116240361,3.219808632043605,0.0,500,0.7,0.7,3,2
