,N_real,mean(N_rand),sd(N_rand),Z-score,P-value,size,p2_value,p4_value,cascade_value,rep_num
021C,10153.0,5457.15,452.84441864728774,10.369676221310597,0.0,500,0.5,0.9,1,3
021D,32378.0,28748.39,397.76812076887205,9.12493940686873,0.0,500,0.5,0.9,1,3
021U,976.0,923.54,51.75681984048092,1.0135862319533229,0.18,500,0.5,0.9,1,3
030C,18.0,23.1,7.002142529254885,-0.7283484988619197,0.26,500,0.5,0.9,1,3
030T,1614.0,479.89,57.91612815097362,19.581937470744663,0.0,500,0.5,0.9,1,3
