,N_real,mean(N_rand),sd(N_rand),Z-score,P-value,size,p2_value,p4_value,cascade_value,rep_num
021C,11024.0,6271.34,442.62295963946565,10.737490897153718,0.0,500,0.5,0.7,1,4
021D,36871.0,33081.4,404.7259319588998,9.363373336761715,0.0,500,0.5,0.7,1,4
021U,1548.0,1408.36,60.06804807882473,2.3246968141324738,0.02,500,0.5,0.7,1,4
030C,34.0,31.05,9.910978760949899,0.29764971464001627,0.32,500,0.5,0.7,1,4
030T,1387.0,467.1,52.70739985998171,17.452957316121324,0.0,500,0.5,0.7,1,4
