,N_real,mean(N_rand),sd(N_rand),Z-score,P-value,size,p2_value,p4_value,cascade_value,rep_num
021C,8601.0,5032.83,545.0365685896681,6.546661647369763,0.0,500,0.7,0.7,1,9
021D,51673.0,48450.4,516.3322961039721,6.241329516507862,0.0,500,0.7,0.7,1,9
021U,1080.0,965.45,43.2937351126003,2.6458793564951866,0.0,500,0.7,0.7,1,9
030C,8.0,13.5,4.531004303683677,-1.2138589220779454,0.12,500,0.7,0.7,1,9
030T,677.0,386.2,53.62965597502934,5.4223730268827435,0.0,500,0.7,0.7,1,9
