,N_real,mean(N_rand),sd(N_rand),Z-score,P-value,size,p2_value,p4_value,cascade_value,rep_num
021C,10323.0,6032.91,558.6850650411195,7.67890582449031,0.0,500,0.5,0.7,1,6
021D,35665.0,32195.65,503.9884795310306,6.883788302518909,0.0,500,0.5,0.7,1,6
021U,1420.0,1358.94,61.25125631364634,0.9968775119865781,0.13,500,0.5,0.7,1,6
030C,20.0,29.11,7.2303457731978495,-1.2599674048466445,0.11,500,0.5,0.7,1,6
030T,1254.0,435.51,47.61312739150832,17.190427196050464,0.0,500,0.5,0.7,1,6
