,N_real,mean(N_rand),sd(N_rand),Z-score,P-value,size,p2_value,p4_value,cascade_value,rep_num
021C,8412.0,5282.11,641.9195727659346,4.875828893195726,0.0,500,0.7,0.9,1,3
021D,56040.0,53217.29,608.0922346979938,4.641910945305665,0.0,500,0.7,0.9,1,3
021U,934.0,874.18,45.92436825912797,1.3025764374692335,0.08,500,0.7,0.9,1,3
030C,9.0,10.82,4.107018383206971,-0.443143865009645,0.43,500,0.7,0.9,1,3
030T,740.0,371.07,53.92239887097011,6.8418691995288565,0.0,500,0.7,0.9,1,3
