,N_real,mean(N_rand),sd(N_rand),Z-score,P-value,size,p2_value,p4_value,cascade_value,rep_num
021C,11062.0,5571.7,476.38086653433095,11.525022068879283,0.0,500,0.5,0.5,1,5
021D,45160.0,40442.31,446.1483317238785,10.57426345576875,0.0,500,0.5,0.5,1,5
021U,1146.0,1047.41,50.08794166263973,1.9683380216348072,0.02,500,0.5,0.5,1,5
030C,46.0,25.7,7.616429609731846,2.6652908305043352,0.02,500,0.5,0.5,1,5
030T,1340.0,467.76,57.25890673074365,15.233263256346351,0.0,500,0.5,0.5,1,5
