,N_real,mean(N_rand),sd(N_rand),Z-score,P-value,size,p2_value,p4_value,cascade_value,rep_num
021C,1910.0,5488.55,674.6881705647432,-5.304005844662429,0.0,500,0.9,0.5,3,1
021D,64683.0,68179.31,646.1403515491043,-5.411068959890351,0.0,500,0.9,0.5,3,1
021U,662.0,738.87,36.02822643428344,-2.1336048872739592,0.02,500,0.9,0.5,3,1
030C,0.0,13.96,5.023783434822803,-2.778782202918027,0.0,500,0.9,0.5,3,1
030T,443.0,344.83,50.012609410027785,1.962904978525604,0.04,500,0.9,0.5,3,1
