,N_real,mean(N_rand),sd(N_rand),Z-score,P-value,size,p2_value,p4_value,cascade_value,rep_num
021C,8928.0,4826.6,624.9849438186491,6.562398087449122,0.0,500,0.9,0.7,1,5
021D,58825.0,55048.39,601.1865915836779,6.281926531414236,0.0,500,0.9,0.7,1,5
021U,1067.0,866.99,32.65623830143331,6.12471032804845,0.0,500,0.9,0.7,1,5
030C,0.0,10.74,3.6044971910101413,-2.9796111443189033,0.01,500,0.9,0.7,1,5
030T,493.0,327.34,43.342870232599964,3.8220819043820566,0.0,500,0.9,0.7,1,5
