,N_real,mean(N_rand),sd(N_rand),Z-score,P-value,size,p2_value,p4_value,cascade_value,rep_num
021C,3381.0,6326.75,727.2473633503253,-4.050547514437658,0.0,500,0.7,0.5,1,0
021D,48116.0,51050.72,689.4427906650413,-4.25665485191186,0.0,500,0.7,0.5,1,0
021U,673.0,772.35,44.98385821603122,-2.208570005775848,0.0,500,0.7,0.5,1,0
030C,1.0,18.36,5.712302512997714,-3.0390547350213395,0.0,500,0.7,0.5,1,0
030T,427.0,283.67,39.209706706375655,3.6554723827274627,0.0,500,0.7,0.5,1,0
