,N_real,mean(N_rand),sd(N_rand),Z-score,P-value,size,p2_value,p4_value,cascade_value,rep_num
021C,9000.0,5764.82,677.8925044577496,4.772408573226283,0.0,500,0.9,0.9,1,4
021D,55174.0,52279.63,623.2254271930823,4.644178292011976,0.0,500,0.9,0.9,1,4
021U,1004.0,742.98,51.85190064018869,5.033952406321092,0.0,500,0.9,0.9,1,4
030C,1.0,10.65,4.412198998232061,-2.187118034310486,0.0,500,0.9,0.9,1,4
030T,482.0,293.63,56.414298719384966,3.3390470904723433,0.0,500,0.9,0.9,1,4
