,N_real,mean(N_rand),sd(N_rand),Z-score,P-value,size,p2_value,p4_value,cascade_value,rep_num
021C,8496.0,5225.69,602.7898256440632,5.425290641735319,0.0,500,0.7,0.7,1,3
021D,50502.0,47575.39,567.8711983363834,5.153651054277273,0.0,500,0.7,0.7,1,3
021U,1410.0,1251.85,49.06003974723217,3.223601138825463,0.0,500,0.7,0.7,1,3
030C,11.0,13.82,5.311082752132563,-0.5309651782148722,0.33,500,0.7,0.7,1,3
030T,710.0,434.86,51.63061494888474,5.329008772651529,0.0,500,0.7,0.7,1,3
