,N_real,mean(N_rand),sd(N_rand),Z-score,P-value,size,p2_value,p4_value,cascade_value,rep_num
021C,10486.0,6647.58,656.5192179974628,5.846622451827198,0.0,500,0.7,0.5,1,8
021D,43165.0,39991.56,597.6902763137442,5.30950581892046,0.0,500,0.7,0.5,1,8
021U,1625.0,1337.85,61.589020937176784,4.662356953082666,0.0,500,0.7,0.5,1,8
030C,7.0,20.48,6.2393589414298,-2.16047836429025,0.01,500,0.7,0.5,1,8
030T,802.0,370.43,50.79532557233983,8.496254234759897,0.0,500,0.7,0.5,1,8
