,N_real,mean(N_rand),sd(N_rand),Z-score,P-value,size,p2_value,p4_value,cascade_value,rep_num
021C,7727.0,4473.03,532.0843063838662,6.115515832659159,0.0,500,0.7,0.7,1,5
021D,52252.0,49288.42,504.357436348469,5.875951827846977,0.0,500,0.7,0.7,1,5
021U,1029.0,949.85,38.34406733772514,2.064204595273271,0.02,500,0.7,0.7,1,5
030C,5.0,11.24,4.485799817200942,-1.3910562785420166,0.1,500,0.7,0.7,1,5
030T,695.0,408.99,54.660496704658655,5.232480808679217,0.0,500,0.7,0.7,1,5
