,N_real,mean(N_rand),sd(N_rand),Z-score,P-value,size,p2_value,p4_value,cascade_value,rep_num
021C,1469.0,3304.94,508.1853956972789,-3.6127366420692097,0.0,500,0.9,0.7,10,0
021D,61136.0,62957.9,496.9574730296346,-3.666108467779008,0.0,500,0.9,0.7,10,0
021U,720.0,719.9,27.482539911733046,0.003638673875165738,0.45,500,0.9,0.7,10,0
030C,0.0,10.19,4.644771253786347,-2.193864766040581,0.0,500,0.9,0.7,10,0
030T,315.0,373.17,45.85870800622276,-1.26846137907127,0.06,500,0.9,0.7,10,0
