,N_real,mean(N_rand),sd(N_rand),Z-score,P-value,size,p2_value,p4_value,cascade_value,rep_num
021C,4526.0,5272.61,469.1499098369305,-1.591410302646142,0.05,500,0.5,0.7,3,1
021D,35449.0,36380.92,424.43509939683355,-2.195671379026743,0.03,500,0.5,0.7,3,1
021U,955.0,1086.97,55.29746015867275,-2.386547223350223,0.0,500,0.5,0.7,3,1
030C,24.0,33.48,8.844749855140053,-1.071822285001172,0.19,500,0.5,0.7,3,1
030T,878.0,556.93,55.48734179972942,5.786364774128821,0.0,500,0.5,0.7,3,1
