,N_real,mean(N_rand),sd(N_rand),Z-score,P-value,size,p2_value,p4_value,cascade_value,rep_num
021C,9591.0,5260.83,487.40666911727834,8.884100843023319,0.0,500,0.7,0.5,1,4
021D,43553.0,39780.33,453.7406540084325,8.3145955000318,0.0,500,0.7,0.5,1,4
021U,1123.0,919.1,40.08328828826298,5.086908003495939,0.0,500,0.7,0.5,1,4
030C,17.0,17.39,5.033676588737103,-0.07747815997408913,0.55,500,0.7,0.5,1,4
030T,825.0,358.03,47.40368234641693,9.850922478711121,0.0,500,0.7,0.5,1,4
