,N_real,mean(N_rand),sd(N_rand),Z-score,P-value,size,p2_value,p4_value,cascade_value,rep_num
021C,11258.0,5779.66,605.5429500869446,9.046988325458026,0.0,500,0.5,0.5,1,6
021D,48444.0,43714.01,564.3401189885404,8.381452675165995,0.0,500,0.5,0.5,1,6
021U,1171.0,1103.42,46.69350704327102,1.4473104352040496,0.08,500,0.5,0.5,1,6
030C,57.0,26.23,7.5589086513861234,4.07069345842108,0.0,500,0.5,0.5,1,6
030T,1463.0,518.39,66.33489202523812,14.240017148751953,0.0,500,0.5,0.5,1,6
