,N_real,mean(N_rand),sd(N_rand),Z-score,P-value,size,p2_value,p4_value,cascade_value,rep_num
021C,12208.0,7139.75,605.8461582778256,8.365572564505444,0.0,500,0.7,0.5,1,9
021D,48458.0,44056.7,562.2588282988539,7.827889538553599,0.0,500,0.7,0.5,1,9
021U,1422.0,1168.92,53.946024876722845,4.691355861313914,0.0,500,0.7,0.5,1,9
030C,19.0,16.05,4.990741427884237,0.5910945382819833,0.3,500,0.7,0.5,1,9
030T,909.0,353.54,51.56984002302121,10.771024299319874,0.0,500,0.7,0.5,1,9
