,N_real,mean(N_rand),sd(N_rand),Z-score,P-value,size,p2_value,p4_value,cascade_value,rep_num
021C,3653.0,5087.05,426.08802787686966,-3.365619088491287,0.0,500,0.5,0.5,1,2
021D,39889.0,41502.75,399.29443710124485,-4.041503837908011,0.0,500,0.5,0.5,1,2
021U,1020.0,1240.87,67.46638496317999,-3.273778491622761,0.0,500,0.5,0.5,1,2
030C,1.0,33.32,8.609157914685964,-3.7541418475861392,0.0,500,0.5,0.5,1,2
030T,828.0,614.96,60.73893644113304,3.5074700428196346,0.0,500,0.5,0.5,1,2
