,N_real,mean(N_rand),sd(N_rand),Z-score,P-value,size,p2_value,p4_value,cascade_value,rep_num
021C,10324.0,5863.82,494.97521917768773,9.010915753337686,0.0,500,0.5,0.7,1,9
021D,34994.0,31475.52,436.5517261447949,8.059709283643961,0.0,500,0.5,0.7,1,9
021U,1486.0,1366.04,78.20651123787584,1.5338876277849196,0.09,500,0.5,0.7,1,9
030C,18.0,31.38,9.585176054721165,-1.3959055027903946,0.06,500,0.5,0.7,1,9
030T,1273.0,424.6,49.18760006343062,17.248249536589157,0.0,500,0.5,0.7,1,9
