,N_real,mean(N_rand),sd(N_rand),Z-score,P-value,size,p2_value,p4_value,cascade_value,rep_num
021C,9104.0,5188.55,687.9238093713577,5.691691356893196,0.0,500,0.9,0.7,1,9
021D,55147.0,51566.64,657.110135669813,5.448645220409555,0.0,500,0.9,0.7,1,9
021U,1089.0,902.69,34.11031955288605,5.461983424433689,0.0,500,0.9,0.7,1,9
030C,4.0,11.42,4.072296649312277,-1.8220676534586637,0.03,500,0.9,0.7,1,9
030T,524.0,324.29,46.856012421033014,4.262206484953742,0.0,500,0.9,0.7,1,9
