,N_real,mean(N_rand),sd(N_rand),Z-score,P-value,size,p2_value,p4_value,cascade_value,rep_num
021C,10931.0,5894.78,681.3855821779619,7.391145530115808,0.0,500,0.7,0.7,1,8
021D,50622.0,46150.03,640.3903255827652,6.983194188529376,0.0,500,0.7,0.7,1,8
021U,1219.0,911.11,44.520308848883786,6.91572021759951,0.0,500,0.7,0.7,1,8
030C,8.0,15.85,5.2485712341550625,-1.4956451288907249,0.05,500,0.7,0.7,1,8
030T,647.0,321.51,45.45096148597959,7.161344652750746,0.0,500,0.7,0.7,1,8
