,N_real,mean(N_rand),sd(N_rand),Z-score,P-value,size,p2_value,p4_value,cascade_value,rep_num
021C,4312.0,5297.69,530.5103900019302,-1.858003195745918,0.03,500,0.5,0.7,10,2
021D,43209.0,44551.02,502.4884472303816,-2.6707479692258587,0.0,500,0.5,0.7,10,2
021U,941.0,1129.97,51.77131541693721,-3.6500907592967526,0.0,500,0.5,0.7,10,2
030C,8.0,43.76,11.140125672540682,-3.210017647120884,0.0,500,0.5,0.7,10,2
030T,811.0,569.04,64.08243441068699,3.7757616767388056,0.0,500,0.5,0.7,10,2
