,N_real,mean(N_rand),sd(N_rand),Z-score,P-value,size,p2_value,p4_value,cascade_value,rep_num
021C,7979.0,4595.96,516.888651839059,6.54500730082455,0.0,500,0.9,0.9,1,9
021D,54707.0,51618.42,492.6022366981295,6.269926869805724,0.0,500,0.9,0.9,1,9
021U,1072.0,830.89,36.63984033808008,6.5805417757078075,0.0,500,0.9,0.9,1,9
030C,2.0,10.84,4.677007590329525,-1.8900974243185191,0.02,500,0.9,0.9,1,9
030T,510.0,357.48,62.56204600234874,2.437899809003593,0.02,500,0.9,0.9,1,9
