,N_real,mean(N_rand),sd(N_rand),Z-score,P-value,size,p2_value,p4_value,cascade_value,rep_num
021C,2082.0,6285.17,685.0271535494049,-6.135771375224563,0.0,500,0.9,0.5,1,1
021D,59793.0,63876.01,653.9410905425656,-6.243696961468482,0.0,500,0.9,0.5,1,1
021U,716.0,802.34,40.36117441304204,-2.139184532056151,0.0,500,0.9,0.5,1,1
030C,0.0,15.84,4.795247647410925,-3.3032704804208426,0.0,500,0.9,0.5,1,1
030T,279.0,349.73,49.7620045818092,-1.4213655698640362,0.03,500,0.9,0.5,1,1
