,N_real,mean(N_rand),sd(N_rand),Z-score,P-value,size,p2_value,p4_value,cascade_value,rep_num
021C,3693.0,5268.02,600.9230729469456,-2.621001041407934,0.0,500,0.7,0.7,10,1
021D,47525.0,49215.13,570.7042080622851,-2.961481580341775,0.0,500,0.7,0.7,10,1
021U,761.0,883.4,49.7332886505608,-2.461128216555608,0.01,500,0.7,0.7,10,1
030C,5.0,25.12,6.5791792801230145,-3.0581321990702475,0.0,500,0.7,0.7,10,1
030T,600.0,389.8,42.68793740625096,4.9241076700327895,0.0,500,0.7,0.7,10,1
