,N_real,mean(N_rand),sd(N_rand),Z-score,P-value,size,p2_value,p4_value,cascade_value,rep_num
021C,9898.0,5414.6,414.704400748292,10.811074085324774,0.0,500,0.5,0.9,1,4
021D,34280.0,30831.96,363.1934999418354,9.493672107436385,0.0,500,0.5,0.9,1,4
021U,1012.0,985.27,52.034960363201975,0.5136930981291361,0.29,500,0.5,0.9,1,4
030C,13.0,25.57,7.532934355216432,-1.6686724465208547,0.03,500,0.5,0.9,1,4
030T,1574.0,484.7,59.445353056399625,18.32439280773572,0.0,500,0.5,0.9,1,4
