,N_real,mean(N_rand),sd(N_rand),Z-score,P-value,size,p2_value,p4_value,cascade_value,rep_num
021C,9563.0,5193.08,408.08294941102355,10.70841113628247,0.0,500,0.5,0.5,1,9
021D,34973.0,31389.55,365.2118665925301,9.811975808546455,0.0,500,0.5,0.5,1,9
021U,828.0,865.57,52.03004036131434,-0.7220828532728624,0.27,500,0.5,0.5,1,9
030C,42.0,29.46,7.293037775851706,1.719448107278662,0.04,500,0.5,0.5,1,9
030T,1488.0,506.98,54.822801825517814,17.894379114775095,0.0,500,0.5,0.5,1,9
