,N_real,mean(N_rand),sd(N_rand),Z-score,P-value,size,p2_value,p4_value,cascade_value,rep_num
021C,8169.0,4416.12,622.101523547403,6.032584486532024,0.0,500,0.9,0.7,1,3
021D,57457.0,53985.76,600.1787420427352,5.783677022924,0.0,500,0.9,0.7,1,3
021U,1083.0,939.78,35.94205892822502,3.984746680372572,0.01,500,0.9,0.7,1,3
030C,0.0,10.49,4.274330356909723,-2.454185597292979,0.0,500,0.9,0.7,1,3
030T,540.0,361.98,46.26531746351688,3.8478067321245546,0.0,500,0.9,0.7,1,3
