,N_real,mean(N_rand),sd(N_rand),Z-score,P-value,size,p2_value,p4_value,cascade_value,rep_num
021C,10475.0,6657.83,558.1714441818033,6.838705275572465,0.0,500,0.7,0.5,1,6
021D,42518.0,39292.33,513.1352658899991,6.286198229633053,0.0,500,0.7,0.5,1,6
021U,1373.0,1171.32,57.0369844925203,3.535951309390277,0.0,500,0.7,0.5,1,6
030C,17.0,19.88,6.033705329231782,-0.4773186363687873,0.33,500,0.7,0.5,1,6
030T,827.0,335.68,36.66030005332745,13.401963412337256,0.0,500,0.7,0.5,1,6
