,N_real,mean(N_rand),sd(N_rand),Z-score,P-value,size,p2_value,p4_value,cascade_value,rep_num
021C,8097.0,4924.72,546.031832039122,5.8096979221034,0.0,500,0.7,0.9,1,8
021D,47231.0,44425.49,520.3858663530361,5.391210986688693,0.0,500,0.7,0.9,1,8
021U,931.0,808.56,39.963563404681516,3.063790852685996,0.01,500,0.7,0.9,1,8
030C,4.0,17.44,5.916620657098103,-2.271566960081543,0.0,500,0.7,0.9,1,8
030T,624.0,319.43,45.99809887375782,6.621360609617693,0.0,500,0.7,0.9,1,8
