,N_real,mean(N_rand),sd(N_rand),Z-score,P-value,size,p2_value,p4_value,cascade_value,rep_num
021C,7826.0,4696.22,529.5805808373264,5.9099221407466755,0.0,500,0.9,0.5,1,7
021D,53187.0,50308.51,503.610494231405,5.715706946085509,0.0,500,0.9,0.5,1,7
021U,975.0,840.37,35.19223067667067,3.8255602845104035,0.0,500,0.9,0.5,1,7
030C,7.0,10.41,3.8835421975304967,-0.8780643614915226,0.22,500,0.9,0.5,1,7
030T,573.0,348.8,53.17537023848541,4.216237686629897,0.0,500,0.9,0.5,1,7
