,N_real,mean(N_rand),sd(N_rand),Z-score,P-value,size,p2_value,p4_value,cascade_value,rep_num
021C,3018.0,5558.34,569.6631148319153,-4.459372449890059,0.0,500,0.9,0.5,3,0
021D,46330.0,48795.14,542.4105091164809,-4.544786575052547,0.0,500,0.9,0.5,3,0
021U,707.0,788.66,39.06589817219105,-2.090314156865576,0.01,500,0.9,0.5,3,0
030C,1.0,18.75,5.548648484090518,-3.198977201546299,0.0,500,0.9,0.5,3,0
030T,365.0,310.26,42.126860789762155,1.2994084765343623,0.09,500,0.9,0.5,3,0
