,N_real,mean(N_rand),sd(N_rand),Z-score,P-value,size,p2_value,p4_value,cascade_value,rep_num
021C,2974.0,5088.24,524.3330453061299,-4.032246334513609,0.0,500,0.9,0.5,3,2
021D,46273.0,48326.46,497.7577808532982,-4.125420192286669,0.0,500,0.9,0.5,3,2
021U,786.0,841.59,37.93444213376546,-1.4654228946870251,0.06,500,0.9,0.5,3,2
030C,1.0,17.06,5.702315319236565,-2.8163998482900694,0.0,500,0.9,0.5,3,2
030T,377.0,330.6,49.85378621529161,0.9307216868067634,0.22,500,0.9,0.5,3,2
