,N_real,mean(N_rand),sd(N_rand),Z-score,P-value,size,p2_value,p4_value,cascade_value,rep_num
021C,8190.0,4708.03,526.8274566686896,6.609317635071052,0.0,500,0.9,0.5,1,6
021D,54429.0,51173.17,503.11843645408186,6.471299328537231,0.0,500,0.9,0.5,1,6
021U,932.0,780.23,33.18670064950717,4.573217494648833,0.0,500,0.9,0.5,1,6
030C,15.0,10.14,4.192898758615572,1.1591026351432092,0.13,500,0.9,0.5,1,6
030T,528.0,314.4,50.34262607373596,4.242925263516128,0.0,500,0.9,0.5,1,6
