,N_real,mean(N_rand),sd(N_rand),Z-score,P-value,size,p2_value,p4_value,cascade_value,rep_num
021C,2539.0,5935.86,656.5018814900686,-5.174181667674911,0.0,500,0.7,0.9,1,2
021D,44287.0,47552.99,618.8537548565089,-5.277482724100575,0.0,500,0.7,0.9,1,2
021U,561.0,712.63,45.2852415252475,-3.34833148489366,0.0,500,0.7,0.9,1,2
030C,2.0,16.71,5.521403807004157,-2.6641775378463866,0.0,500,0.7,0.9,1,2
030T,302.0,291.0,48.73499769159736,0.22571048570905267,0.4,500,0.7,0.9,1,2
