,N_real,mean(N_rand),sd(N_rand),Z-score,P-value,size,p2_value,p4_value,cascade_value,rep_num
021C,9591.0,5297.4,545.4421692535332,7.8717786083096986,0.0,500,0.7,0.5,1,7
021D,43553.0,39810.7,499.40375449129334,7.493535974338068,0.0,500,0.7,0.5,1,7
021U,1123.0,931.91,44.62938381828725,4.281708230121236,0.0,500,0.7,0.5,1,7
030C,17.0,18.24,5.646450212301531,-0.21960700145703865,0.45,500,0.7,0.5,1,7
030T,825.0,358.94,55.321934167199906,8.424506608742625,0.0,500,0.7,0.5,1,7
