,N_real,mean(N_rand),sd(N_rand),Z-score,P-value,size,p2_value,p4_value,cascade_value,rep_num
021C,8869.0,5402.44,587.0722156600499,5.90482722147312,0.0,500,0.9,0.5,1,3
021D,53228.0,50055.09,556.7911654291939,5.698563836863709,0.0,500,0.9,0.5,1,3
021U,1053.0,870.93,36.14035279296537,5.037858956247917,0.0,500,0.9,0.5,1,3
030C,15.0,13.36,5.2830294339516986,0.3104279505732912,0.38,500,0.9,0.5,1,3
030T,595.0,342.08,55.50399625252221,4.556789007575412,0.0,500,0.9,0.5,1,3
