,N_real,mean(N_rand),sd(N_rand),Z-score,P-value,size,p2_value,p4_value,cascade_value,rep_num
021C,10204.0,5764.55,419.8427890294175,10.574077049800032,0.0,500,0.5,0.9,1,9
021D,35553.0,31962.54,381.80739699487225,9.403851335149014,0.0,500,0.5,0.9,1,9
021U,1080.0,1041.61,47.94953492996569,0.8006334171138868,0.23,500,0.5,0.9,1,9
030C,49.0,26.38,6.852415632461301,3.301025683971126,0.0,500,0.5,0.9,1,9
030T,1530.0,523.03,55.26888003207592,18.219475397648615,0.0,500,0.5,0.9,1,9
