,N_real,mean(N_rand),sd(N_rand),Z-score,P-value,size,p2_value,p4_value,cascade_value,rep_num
021C,9874.0,6234.08,571.3803055758922,6.37039807721643,0.0,500,0.7,0.5,1,3
021D,42839.0,39733.59,526.5665218184688,5.897469495925489,0.0,500,0.7,0.5,1,3
021U,1377.0,1164.0,54.08733678043318,3.938075207227722,0.0,500,0.7,0.5,1,3
030C,16.0,19.97,5.20279732451688,-0.7630510574172027,0.25,500,0.7,0.5,1,3
030T,771.0,355.73,45.90879109713084,9.045544220961922,0.0,500,0.7,0.5,1,3
