,N_real,mean(N_rand),sd(N_rand),Z-score,P-value,size,p2_value,p4_value,cascade_value,rep_num
021C,1718.0,3973.72,645.3781229635848,-3.495191299081698,0.0,500,0.9,0.7,10,1
021D,61490.0,63711.29,625.2066585537937,-3.552889224081861,0.0,500,0.9,0.7,10,1
021U,799.0,832.95,30.155720850279803,-1.1258228635474663,0.12,500,0.9,0.7,10,1
030C,0.0,10.39,4.65165561923924,-2.233613330493981,0.0,500,0.9,0.7,10,1
030T,331.0,387.11,46.78523164418447,-1.1993100820090656,0.11,500,0.9,0.7,10,1
