,N_real,mean(N_rand),sd(N_rand),Z-score,P-value,size,p2_value,p4_value,cascade_value,rep_num
021C,11423.0,5996.65,432.6050248205631,12.543428043284413,0.0,500,0.5,0.5,1,8
021D,38994.0,34904.86,396.9393661505495,10.301674131381283,0.0,500,0.5,0.5,1,8
021U,1923.0,1727.29,66.88546852642956,2.9260466333231396,0.0,500,0.5,0.5,1,8
030C,43.0,40.49,9.438744619916358,0.26592519461790887,0.42,500,0.5,0.5,1,8
030T,1905.0,654.01,64.26188528202391,19.46706036571793,0.0,500,0.5,0.5,1,8
