,N_real,mean(N_rand),sd(N_rand),Z-score,P-value,size,p2_value,p4_value,cascade_value,rep_num
021C,6530.0,6255.71,396.96013137341635,0.6909761921203572,0.23,500,0.5,0.5,10,1
021D,32065.0,32159.53,350.73210446151063,-0.26952194794124573,0.37,500,0.5,0.5,10,1
021U,999.0,1233.23,63.68718159881155,-3.6778201534415356,0.0,500,0.5,0.5,10,1
030C,21.0,44.85,10.928288978609597,-2.182409345752351,0.0,500,0.5,0.5,10,1
030T,1147.0,680.94,59.92508990397929,7.777376733965509,0.0,500,0.5,0.5,10,1
