,N_real,mean(N_rand),sd(N_rand),Z-score,P-value,size,p2_value,p4_value,cascade_value,rep_num
021C,8169.0,4542.86,755.3881124296305,4.80036677878989,0.0,500,0.9,0.7,1,6
021D,57457.0,54109.11,725.0056261161012,4.61774347591597,0.0,500,0.9,0.7,1,6
021U,1083.0,944.05,34.682956909698454,4.006290477532647,0.0,500,0.9,0.7,1,6
030C,0.0,10.77,4.60403084264213,-2.3392545289334734,0.0,500,0.9,0.7,1,6
030T,540.0,358.55,47.43403314077351,3.8253125021331695,0.0,500,0.9,0.7,1,6
