,N_real,mean(N_rand),sd(N_rand),Z-score,P-value,size,p2_value,p4_value,cascade_value,rep_num
021C,14820.0,8760.83,627.5814537571995,9.654794550930418,0.0,750,0.5,0.9,1,3
021D,74351.0,69467.58,581.026628993887,8.404812716512133,0.0,750,0.5,0.9,1,3
021U,1690.0,1705.67,64.6043427332869,-0.24255335379994855,0.43,750,0.5,0.9,1,3
030C,23.0,31.74,9.340899314305876,-0.9356700790698406,0.24,750,0.5,0.9,1,3
030T,2174.0,791.65,76.43145622059022,18.086139769604472,0.0,750,0.5,0.9,1,3
