,N_real,mean(N_rand),sd(N_rand),Z-score,P-value,size,p2_value,p4_value,cascade_value,rep_num
021C,16633.0,9211.05,814.0340456639391,9.117493352439013,0.0,750,0.5,0.7,1,8
021D,104821.0,98299.29,770.9736350226252,8.459057098377453,0.0,750,0.5,0.7,1,8
021U,1972.0,1941.27,70.89144588735654,0.43347966197259774,0.28,750,0.5,0.7,1,8
030C,34.0,29.08,7.922979237635299,0.6209785299738373,0.25,750,0.5,0.7,1,8
030T,1814.0,732.56,76.78402438007531,14.084179733103738,0.0,750,0.5,0.7,1,8
