,N_real,mean(N_rand),sd(N_rand),Z-score,P-value,size,p2_value,p4_value,cascade_value,rep_num
021C,16341.0,9281.88,881.3153723838024,8.009754761120675,0.0,750,0.5,0.7,1,0
021D,103024.0,96821.79,840.2443370234636,7.3814362402859155,0.0,750,0.5,0.7,1,0
021U,1913.0,1939.64,70.4250694000368,-0.3782743876143937,0.35,750,0.5,0.7,1,0
030C,0.0,24.19,7.577196051310802,-3.1924738169887132,0.0,750,0.5,0.7,1,0
030T,1829.0,749.8,78.45202355580129,13.756177993705766,0.0,750,0.5,0.7,1,0
