,N_real,mean(N_rand),sd(N_rand),Z-score,P-value,size,p2_value,p4_value,cascade_value,rep_num
021C,11241.0,6960.8,884.1423754124672,4.84107550891135,0.0,750,0.9,0.9,1,8
021D,136955.0,132970.24,860.178308491908,4.6324813828265645,0.0,750,0.9,0.9,1,8
021U,1539.0,1379.31,40.7346768736417,3.920247127413231,0.0,750,0.9,0.9,1,8
030C,2.0,12.91,4.4499325837589945,-2.451722536161208,0.01,750,0.9,0.9,1,8
030T,806.0,584.79,72.87376688493603,3.035523062081851,0.0,750,0.9,0.9,1,8
