,N_real,mean(N_rand),sd(N_rand),Z-score,P-value,size,p2_value,p4_value,cascade_value,rep_num
021C,12342.0,7423.56,896.5160714677679,5.486170473160146,0.0,750,0.9,0.9,1,3
021D,141005.0,136353.99,867.3919471034994,5.3620626932625175,0.0,750,0.9,0.9,1,3
021U,1141.0,959.48,34.92233669157893,5.19781942437349,0.0,750,0.9,0.9,1,3
030C,1.0,9.28,3.8886501514021545,-2.1292735724797534,0.0,750,0.9,0.9,1,3
030T,770.0,472.51,89.1592390052764,3.336614391497831,0.0,750,0.9,0.9,1,3
