,N_real,mean(N_rand),sd(N_rand),Z-score,P-value,size,p2_value,p4_value,cascade_value,rep_num
021C,13338.0,8497.32,1105.7956400709854,4.3775538848111735,0.0,750,0.9,0.7,1,6
021D,141498.0,136942.94,1068.4166866911057,4.263374071877379,0.0,750,0.9,0.7,1,6
021U,1326.0,1193.47,46.80672067128822,2.8314310017726876,0.01,750,0.9,0.7,1,6
030C,2.0,9.9,4.504442251822083,-1.7538242380184554,0.02,750,0.9,0.7,1,6
030T,834.0,485.25,83.27717274259496,4.187822286882464,0.0,750,0.9,0.7,1,6
