,N_real,mean(N_rand),sd(N_rand),Z-score,P-value,size,p2_value,p4_value,cascade_value,rep_num
021C,16714.0,9233.95,612.1742786984764,12.218824377762305,0.0,750,0.5,0.5,1,0
021D,82584.0,76421.7,579.7439521029952,10.629347624320246,0.0,750,0.5,0.5,1,0
021U,1937.0,2068.05,81.35629969461492,-1.6108156404841327,0.05,750,0.5,0.5,1,0
030C,70.0,45.65,10.668059804856739,2.2825143883158985,0.02,750,0.5,0.5,1,0
030T,2796.0,1056.34,95.59364204799397,18.198490639435857,0.0,750,0.5,0.5,1,0
