,N_real,mean(N_rand),sd(N_rand),Z-score,P-value,size,p2_value,p4_value,cascade_value,rep_num
021C,15100.0,9189.93,896.1739368560102,6.594780049879515,0.0,750,0.9,0.5,1,7
021D,131658.0,126122.89,864.7938354891298,6.400496595664707,0.0,750,0.9,0.5,1,7
021U,1555.0,1335.16,44.22006784255312,4.971498478535737,0.0,750,0.9,0.5,1,7
030C,6.0,14.21,4.901622180462301,-1.6749556978758546,0.06,750,0.9,0.5,1,7
030T,888.0,509.14,77.42118831431095,4.893492443721242,0.0,750,0.9,0.5,1,7
