,N_real,mean(N_rand),sd(N_rand),Z-score,P-value,size,p2_value,p4_value,cascade_value,rep_num
021C,15171.0,8920.61,660.7315777984279,9.459802149651203,0.0,750,0.5,0.9,1,4
021D,92046.0,86868.61,612.0141811265488,8.459591557943734,0.0,750,0.5,0.9,1,4
021U,1913.0,1920.44,79.81294631825091,-0.09321795953169495,0.43,750,0.5,0.9,1,4
030C,39.0,43.98,9.607268082030396,-0.5183575557045896,0.35,750,0.5,0.9,1,4
030T,2024.0,816.81,78.34956221958103,15.407744035847344,0.0,750,0.5,0.9,1,4
