,N_real,mean(N_rand),sd(N_rand),Z-score,P-value,size,p2_value,p4_value,cascade_value,rep_num
021C,16697.0,9755.55,1067.9411348477968,6.499843271782296,0.0,750,0.9,0.7,1,9
021D,141753.0,135224.44,1032.7332309943358,6.321632541749597,0.0,750,0.9,0.7,1,9
021U,1459.0,1178.0,53.81208042809718,5.221875790055498,0.0,750,0.9,0.7,1,9
030C,5.0,12.54,5.060474286072402,-1.4899789177373801,0.07,750,0.9,0.7,1,9
030T,785.0,432.43,63.4517541128691,5.556505173566081,0.0,750,0.9,0.7,1,9
