,N_real,mean(N_rand),sd(N_rand),Z-score,P-value,size,p2_value,p4_value,cascade_value,rep_num
021C,19268.0,11596.57,960.5647844367395,7.9863743958700395,0.0,750,0.7,0.5,1,2
021D,97438.0,90604.68,886.4869190236255,7.708314531619044,0.0,750,0.7,0.5,1,2
021U,2064.0,1702.88,76.71522404321063,4.70727948075333,0.0,750,0.7,0.5,1,2
030C,58.0,31.37,8.481338337786084,3.1398346510193966,0.0,750,0.7,0.5,1,2
030T,1284.0,534.71,69.52054300708531,10.777965297590308,0.0,750,0.7,0.5,1,2
