,N_real,mean(N_rand),sd(N_rand),Z-score,P-value,size,p2_value,p4_value,cascade_value,rep_num
021C,11904.0,7515.07,703.9192603559019,6.234990640518851,0.0,750,0.7,0.7,1,3
021D,103982.0,100034.96,676.222018570824,5.836899556068804,0.0,750,0.7,0.7,1,3
021U,1629.0,1489.22,61.34632507330818,2.278539094769971,0.01,750,0.7,0.7,1,3
030C,8.0,20.09,6.360966907632833,-1.9006544406782908,0.01,750,0.7,0.7,1,3
030T,996.0,595.65,65.32845857664176,6.1282633743809996,0.0,750,0.7,0.7,1,3
