,N_real,mean(N_rand),sd(N_rand),Z-score,P-value,size,p2_value,p4_value,cascade_value,rep_num
021C,21241.0,12997.34,900.8447282412213,9.151033182038642,0.0,750,0.7,0.5,1,9
021D,97636.0,90601.02,823.9975604332818,8.537622364198262,0.0,750,0.7,0.5,1,9
021U,2723.0,2110.14,101.09194033156155,6.062402185475327,0.0,750,0.7,0.5,1,9
030C,64.0,36.84,9.366664294187125,2.8996448625638553,0.01,750,0.7,0.5,1,9
030T,1356.0,517.79,57.96573039305208,14.4604405795682,0.0,750,0.7,0.5,1,9
