,N_real,mean(N_rand),sd(N_rand),Z-score,P-value,size,p2_value,p4_value,cascade_value,rep_num
021C,15710.0,8968.29,741.8835393105849,9.087288830083645,0.0,750,0.5,0.7,1,6
021D,97106.0,91225.23,710.9168848044052,8.27209217518864,0.0,750,0.5,0.7,1,6
021U,1584.0,1752.35,68.17351025141656,-2.4694342330201753,0.01,750,0.5,0.7,1,6
030C,27.0,28.0,8.11664955508121,-0.12320354515909547,0.5,750,0.5,0.7,1,6
030T,2087.0,798.19,86.14751244232187,14.960501626357392,0.0,750,0.5,0.7,1,6
