,N_real,mean(N_rand),sd(N_rand),Z-score,P-value,size,p2_value,p4_value,cascade_value,rep_num
021C,19248.0,11810.32,1112.0383435835295,6.688330526474627,0.0,750,0.9,0.5,1,4
021D,134310.0,127436.15,1066.3526656317788,6.446131961350213,0.0,750,0.9,0.5,1,4
021U,1882.0,1500.21,51.63996417504567,7.393304896684938,0.0,750,0.9,0.5,1,4
030C,9.0,15.23,5.201643970899969,-1.1976982728639363,0.14,750,0.9,0.5,1,4
030T,881.0,480.34,72.02710878551214,5.562627832155753,0.0,750,0.9,0.5,1,4
