,N_real,mean(N_rand),sd(N_rand),Z-score,P-value,size,p2_value,p4_value,cascade_value,rep_num
021C,11991.0,6895.09,896.9844379363557,5.6811576483131505,0.0,750,0.9,0.9,1,7
021D,143183.0,138387.0,873.8845003774812,5.488139448552218,0.0,750,0.9,0.9,1,7
021U,1684.0,1506.0,38.21805855874942,4.657484098162012,0.0,750,0.9,0.9,1,7
030C,1.0,12.31,4.564416720677463,-2.4778631514436613,0.0,750,0.9,0.9,1,7
030T,835.0,637.16,81.42674253585244,2.4296686056536094,0.0,750,0.9,0.9,1,7
