,N_real,mean(N_rand),sd(N_rand),Z-score,P-value,size,p2_value,p4_value,cascade_value,rep_num
021C,16199.0,9013.94,1045.9216875081997,6.8695965346293395,0.0,750,0.9,0.7,1,5
021D,144399.0,137644.85,1012.1929694974175,6.672788888618364,0.0,750,0.9,0.7,1,5
021U,1436.0,1148.86,50.365071229970475,5.701173312927496,0.0,750,0.9,0.7,1,5
030C,0.0,10.51,4.339343268283808,-2.4220254886995054,0.0,750,0.9,0.7,1,5
030T,797.0,462.05,63.995214664848184,5.233985099576267,0.0,750,0.9,0.7,1,5
