,N_real,mean(N_rand),sd(N_rand),Z-score,P-value,size,p2_value,p4_value,cascade_value,rep_num
021C,18119.0,9800.06,724.8887889876626,11.476160379880818,0.0,750,0.5,0.5,1,5
021D,83154.0,76375.88,642.7587771473837,10.545355802190441,0.0,750,0.5,0.5,1,5
021U,1998.0,1919.53,88.84879909149026,0.8831858258342594,0.23,750,0.5,0.5,1,5
030C,104.0,51.52,12.04365393059764,4.357481566841716,0.0,750,0.5,0.5,1,5
030T,2909.0,1028.34,91.26622814601248,20.60630792138382,0.0,750,0.5,0.5,1,5
