,N_real,mean(N_rand),sd(N_rand),Z-score,P-value,size,p2_value,p4_value,cascade_value,rep_num
021C,15276.0,8835.67,826.420063345512,7.7930465215574145,0.0,750,0.5,0.7,1,5
021D,106300.0,100561.45,790.069065019002,7.263352349913846,0.0,750,0.5,0.7,1,5
021U,1879.0,1976.52,63.536521780783694,-1.5348652596449561,0.08,750,0.5,0.7,1,5
030C,11.0,21.45,7.060276198563339,-1.4801120673050183,0.06,750,0.5,0.7,1,5
030T,1746.0,765.97,73.58511466322518,13.318318582301247,0.0,750,0.5,0.7,1,5
