,N_real,mean(N_rand),sd(N_rand),Z-score,P-value,size,p2_value,p4_value,cascade_value,rep_num
021C,11431.0,7116.03,940.5766152206845,4.5875795019500805,0.0,750,0.9,0.9,1,6
021D,141109.0,137056.69,910.8389286256929,4.448986393361855,0.0,750,0.9,0.9,1,6
021U,1441.0,1308.15,41.66518330692906,3.1885135131016336,0.0,750,0.9,0.9,1,6
030C,2.0,11.31,3.956500979400864,-2.353089269653061,0.0,750,0.9,0.9,1,6
030T,814.0,567.37,71.3430662363204,3.45695823029319,0.0,750,0.9,0.9,1,6
