,N_real,mean(N_rand),sd(N_rand),Z-score,P-value,size,p2_value,p4_value,cascade_value,rep_num
021C,12627.0,8189.9,707.6456952458624,6.270228208564721,0.0,750,0.7,0.7,1,5
021D,100842.0,96932.0,674.9169430381786,5.793305443480057,0.0,750,0.7,0.7,1,5
021U,1988.0,1779.51,62.67958120472727,3.326282594630287,0.0,750,0.7,0.7,1,5
030C,13.0,23.95,6.947481558089953,-1.5761106968681822,0.07,750,0.7,0.7,1,5
030T,1072.0,641.07,68.42970919125698,6.29741095049193,0.0,750,0.7,0.7,1,5
