,N_real,mean(N_rand),sd(N_rand),Z-score,P-value,size,p2_value,p4_value,cascade_value,rep_num
021C,11859.0,7302.73,896.4374250888906,5.082641434284386,0.0,750,0.9,0.9,1,2
021D,140212.0,135925.9,867.0288403507694,4.943434174883964,0.0,750,0.9,0.9,1,2
021U,1707.0,1538.38,45.20658801546517,3.729987318271288,0.0,750,0.9,0.9,1,2
030C,1.0,12.9,5.113707070218238,-2.3270789344396574,0.0,750,0.9,0.9,1,2
030T,828.0,646.18,77.81547146936784,2.3365533430144896,0.0,750,0.9,0.9,1,2
