,N_real,mean(N_rand),sd(N_rand),Z-score,P-value,size,p2_value,p4_value,cascade_value,rep_num
021C,18263.0,11678.84,956.0094844717808,6.887128325549943,0.0,750,0.9,0.7,1,1
021D,137795.0,131740.5,914.0739412104472,6.623643588375826,0.0,750,0.9,0.7,1,1
021U,1885.0,1538.41,56.93120321932429,6.087874142845378,0.0,750,0.9,0.7,1,1
030C,4.0,14.21,4.897540198916187,-2.08471999928851,0.0,750,0.9,0.7,1,1
030T,872.0,481.42,60.32962456372491,6.474099628905175,0.0,750,0.9,0.7,1,1
