,N_real,mean(N_rand),sd(N_rand),Z-score,P-value,size,p2_value,p4_value,cascade_value,rep_num
021C,16214.0,9541.87,965.1842793477317,6.912804262113554,0.0,750,0.9,0.5,1,2
021D,130291.0,124089.71,927.206517395127,6.688143238489908,0.0,750,0.9,0.5,1,2
021U,1683.0,1380.5,52.247966467605224,5.78969901512925,0.0,750,0.9,0.5,1,2
030C,8.0,15.34,5.685455126900572,-1.291013619168498,0.12,750,0.9,0.5,1,2
030T,887.0,517.29,84.27648485787716,4.386870200192551,0.0,750,0.9,0.5,1,2
