,N_real,mean(N_rand),sd(N_rand),Z-score,P-value,size,p2_value,p4_value,cascade_value,rep_num
021C,17887.0,10649.67,774.0752554500111,9.349646496311983,0.0,750,0.7,0.5,1,8
021D,94698.0,88325.93,721.9976905087717,8.82560994829469,0.0,750,0.7,0.5,1,8
021U,2211.0,1942.45,76.96276697208852,3.4893495980646443,0.0,750,0.7,0.5,1,8
030C,24.0,26.46,7.290294918588686,-0.33743490866570147,0.43,750,0.7,0.5,1,8
030T,1308.0,550.64,68.81707927542406,11.005407494393157,0.0,750,0.7,0.5,1,8
