,N_real,mean(N_rand),sd(N_rand),Z-score,P-value,size,p2_value,p4_value,cascade_value,rep_num
021C,14774.0,8394.63,880.6169616240651,7.244205231108586,0.0,750,0.9,0.5,1,0
021D,136003.0,130002.3,851.2395138854868,7.049367307457068,0.0,750,0.9,0.5,1,0
021U,1358.0,1132.47,36.73539301545582,6.139310933875456,0.0,750,0.9,0.5,1,0
030C,8.0,10.26,4.110036496188324,-0.5498734627042702,0.38,750,0.9,0.5,1,0
030T,844.0,447.57,81.76310353698665,4.848519477011651,0.0,750,0.9,0.5,1,0
