,N_real,mean(N_rand),sd(N_rand),Z-score,P-value,size,p2_value,p4_value,cascade_value,rep_num
021C,12595.0,7817.98,686.1763181573668,6.961796660117968,0.0,750,0.7,0.9,1,6
021D,107322.0,102907.26,657.5487148493257,6.713936017670756,0.0,750,0.7,0.9,1,6
021U,1160.0,1140.29,48.85535692224549,0.4034357999137943,0.32,750,0.7,0.9,1,6
030C,7.0,14.64,4.2320680523829015,-1.805263976248736,0.03,750,0.7,0.9,1,6
030T,1052.0,499.56,79.93626461125139,6.911005945632361,0.0,750,0.7,0.9,1,6
