,N_real,mean(N_rand),sd(N_rand),Z-score,P-value,size,p2_value,p4_value,cascade_value,rep_num
021C,14951.0,9156.01,828.9391472840451,6.990850919499743,0.0,750,0.9,0.5,1,8
021D,132630.0,127208.26,800.9210650245129,6.769381199674237,0.0,750,0.9,0.5,1,8
021U,1515.0,1283.13,43.68103822026212,5.308252950188429,0.0,750,0.9,0.5,1,8
030C,6.0,12.88,4.7016592815728355,-1.4633131811496238,0.08,750,0.9,0.5,1,8
030T,849.0,476.5,71.68089006143826,5.196643061780166,0.0,750,0.9,0.5,1,8
