,N_real,mean(N_rand),sd(N_rand),Z-score,P-value,size,p2_value,p4_value,cascade_value,rep_num
021C,12626.0,7142.48,926.0070137963319,5.92168300920241,0.0,750,0.9,0.9,1,1
021D,140138.0,134962.58,899.7204697015624,5.752253254521042,0.0,750,0.9,0.9,1,1
021U,1660.0,1458.25,42.48938102632233,4.748245211550978,0.0,750,0.9,0.9,1,1
030C,2.0,13.8,5.184592558726288,-2.275974411940856,0.0,750,0.9,0.9,1,1
030T,825.0,614.86,75.34215553061911,2.7891423933922215,0.0,750,0.9,0.9,1,1
