,N_real,mean(N_rand),sd(N_rand),Z-score,P-value,size,p2_value,p4_value,cascade_value,rep_num
021C,19574.0,11881.6,944.5298089525816,8.144158000190954,0.0,750,0.7,0.5,1,5
021D,92232.0,85413.08,883.6514661335656,7.716752884297604,0.0,750,0.7,0.5,1,5
021U,2175.0,1785.8,67.8666339227164,5.734776833682428,0.0,750,0.7,0.5,1,5
030C,63.0,31.37,8.339850118557289,3.7926341061716435,0.01,750,0.7,0.5,1,5
030T,1250.0,517.16,73.5684334480489,9.961337569020039,0.0,750,0.7,0.5,1,5
