,N_real,mean(N_rand),sd(N_rand),Z-score,P-value,size,p2_value,p4_value,cascade_value,rep_num
021C,13612.0,7791.17,839.2841599243966,6.935469865801286,0.0,750,0.7,0.9,1,9
021D,109475.0,104072.47,806.4438908566423,6.699201347115643,0.0,750,0.7,0.9,1,9
021U,1401.0,1268.99,49.07412658417875,2.6900122159802096,0.01,750,0.7,0.9,1,9
030C,6.0,15.58,5.856927522174062,-1.6356698906944904,0.06,750,0.7,0.9,1,9
030T,997.0,513.86,79.0827440090441,6.109297370166453,0.0,750,0.7,0.9,1,9
