,N_real,mean(N_rand),sd(N_rand),Z-score,P-value,size,p2_value,p4_value,cascade_value,rep_num
021C,14554.0,8947.02,781.1451463076501,7.177897765227512,0.0,750,0.7,0.7,1,0
021D,102933.0,97908.75,743.1294554113704,6.76093507452043,0.0,750,0.7,0.7,1,0
021U,1860.0,1661.41,57.263617594420275,3.467996056528402,0.0,750,0.7,0.7,1,0
030C,21.0,27.31,7.026656388354278,-0.8980089037024723,0.22,750,0.7,0.7,1,0
030T,1123.0,610.67,73.0427347516507,7.01411306329028,0.0,750,0.7,0.7,1,0
