,N_real,mean(N_rand),sd(N_rand),Z-score,P-value,size,p2_value,p4_value,cascade_value,rep_num
021C,15539.0,9327.64,1142.146089780112,5.438323569619559,0.0,750,0.9,0.7,1,0
021D,143703.0,137871.87,1098.941705960785,5.306132225550538,0.0,750,0.9,0.7,1,0
021U,1450.0,1213.83,50.86728909623552,4.642865861264819,0.0,750,0.9,0.7,1,0
030C,2.0,11.12,4.331927977240619,-2.105298160060666,0.01,750,0.9,0.7,1,0
030T,805.0,485.64,68.2729111727338,4.677697120487562,0.0,750,0.9,0.7,1,0
