,N_real,mean(N_rand),sd(N_rand),Z-score,P-value,size,p2_value,p4_value,cascade_value,rep_num
021C,13090.0,8331.78,676.3656049800286,7.034982212231945,0.0,750,0.7,0.7,1,9
021D,100736.0,96497.09,636.8994441040123,6.6555404298763134,0.0,750,0.7,0.7,1,9
021U,1720.0,1488.15,61.092777805563884,3.79504760346459,0.0,750,0.7,0.7,1,9
030C,11.0,21.31,6.532526310700937,-1.578256176804245,0.05,750,0.7,0.7,1,9
030T,999.0,582.28,74.52329568665088,5.591808523232632,0.0,750,0.7,0.7,1,9
