,N_real,mean(N_rand),sd(N_rand),Z-score,P-value,size,p2_value,p4_value,cascade_value,rep_num
021C,15381.0,8150.53,712.4141977108541,10.149250286186204,0.0,750,0.5,0.7,1,4
021D,94361.0,88028.66,672.1620373094571,9.420853378371689,0.0,750,0.5,0.7,1,4
021U,1475.0,1610.1,62.8863260176646,-2.1483207647088602,0.01,750,0.5,0.7,1,4
030C,26.0,27.93,7.893357967303903,-0.24450937205616444,0.44,750,0.5,0.7,1,4
030T,2097.0,812.16,76.167279063913,16.868660871052956,0.0,750,0.5,0.7,1,4
