,N_real,mean(N_rand),sd(N_rand),Z-score,P-value,size,p2_value,p4_value,cascade_value,rep_num
021C,11957.0,7325.25,874.180100150993,5.298393316434428,0.0,750,0.7,0.9,1,4
021D,116016.0,111681.31,847.8422340860355,5.1126139106207065,0.0,750,0.7,0.9,1,4
021U,1262.0,1227.94,41.86712791677977,0.8135260691323697,0.21,750,0.7,0.9,1,4
030C,6.0,13.92,5.039206286708255,-1.5716760833725576,0.04,750,0.7,0.9,1,4
030T,1009.0,537.16,80.13185633691509,5.888294887568118,0.0,750,0.7,0.9,1,4
