,N_real,mean(N_rand),sd(N_rand),Z-score,P-value,size,p2_value,p4_value,cascade_value,rep_num
021C,15693.0,10130.78,623.3076540521542,8.923715221271115,0.0,750,0.5,0.9,1,5
021D,74645.0,70153.31,565.7926244658903,7.938756720698099,0.0,750,0.5,0.9,1,5
021U,1935.0,2026.1,80.56159134475932,-1.1308118233432356,0.15,750,0.5,0.9,1,5
030C,32.0,39.85,10.372439443062563,-0.7568132880496445,0.27,750,0.5,0.9,1,5
030T,2119.0,826.71,77.23578121570338,16.731752817918736,0.0,750,0.5,0.9,1,5
