,N_real,mean(N_rand),sd(N_rand),Z-score,P-value,size,p2_value,p4_value,cascade_value,rep_num
021C,14117.0,8188.55,835.8863603983498,7.092411457910067,0.0,750,0.7,0.9,1,0
021D,109226.0,103754.0,805.2770827485407,6.795176613400174,0.0,750,0.7,0.9,1,0
021U,1306.0,1155.79,46.319821890849276,3.242888117185848,0.0,750,0.7,0.9,1,0
030C,3.0,12.78,4.805371993925132,-2.035222249674678,0.01,750,0.7,0.9,1,0
030T,962.0,458.42,77.11707722677255,6.530071134816989,0.0,750,0.7,0.9,1,0
