,N_real,mean(N_rand),sd(N_rand),Z-score,P-value,size,p2_value,p4_value,cascade_value,rep_num
021C,14548.0,8969.05,833.7293610638886,6.691559948039885,0.0,750,0.7,0.7,1,7
021D,100389.0,95432.29,791.7166954788815,6.260711727194116,0.0,750,0.7,0.7,1,7
021U,1805.0,1692.03,56.992535476148106,1.9821894052648175,0.04,750,0.7,0.7,1,7
030C,8.0,24.61,7.704407829288375,-2.15590871719653,0.0,750,0.7,0.7,1,7
030T,1268.0,620.85,69.41734293388072,9.32259825352871,0.0,750,0.7,0.7,1,7
