,N_real,mean(N_rand),sd(N_rand),Z-score,P-value,size,p2_value,p4_value,cascade_value,rep_num
021C,15197.0,8830.67,1005.7324898301736,6.330043092348552,0.0,750,0.9,0.7,1,8
021D,140480.0,134483.2,971.782907855453,6.170925575583366,0.0,750,0.9,0.7,1,8
021U,1361.0,1148.87,41.151829849959285,5.154813304133303,0.0,750,0.9,0.7,1,8
030C,0.0,10.61,4.081409070406934,-2.599592399823362,0.0,750,0.9,0.7,1,8
030T,801.0,458.93,70.34703334185457,4.862607330400068,0.0,750,0.9,0.7,1,8
