,N_real,mean(N_rand),sd(N_rand),Z-score,P-value,size,p2_value,p4_value,cascade_value,rep_num
021C,15693.0,10061.27,626.8940238190185,8.98354392611957,0.0,750,0.5,0.9,1,9
021D,74645.0,70101.99,581.494342104891,7.812646952944073,0.0,750,0.5,0.9,1,9
021U,1935.0,2010.35,75.50951926744071,-0.9978874283800455,0.14,750,0.5,0.9,1,9
030C,32.0,40.22,9.674275166646852,-0.8496760592813578,0.22,750,0.5,0.9,1,9
030T,2119.0,822.0,79.99087447953048,16.21434955473452,0.0,750,0.5,0.9,1,9
