,N_real,mean(N_rand),sd(N_rand),Z-score,P-value,size,p2_value,p4_value,cascade_value,rep_num
021C,13375.0,8663.2,654.449371609447,7.1996401928121045,0.0,750,0.5,0.9,1,7
021D,72258.0,68449.85,603.8938048200197,6.305992824574428,0.0,750,0.5,0.9,1,7
021U,1359.0,1508.26,74.45503609561948,-2.0046998541282237,0.02,750,0.5,0.9,1,7
030C,55.0,33.26,10.732772242063092,2.025571726454624,0.05,750,0.5,0.9,1,7
030T,2072.0,765.74,81.19675116653376,16.087589481515995,0.0,750,0.5,0.9,1,7
