,N_real,mean(N_rand),sd(N_rand),Z-score,P-value,size,p2_value,p4_value,cascade_value,rep_num
021C,17534.0,9587.24,801.844288125818,9.910602491880653,0.0,750,0.5,0.7,1,7
021D,95742.0,88977.58,746.0703208143317,9.066732466474033,0.0,750,0.5,0.7,1,7
021U,2005.0,2155.26,84.22631655248851,-1.7840029832761422,0.03,750,0.5,0.7,1,7
030C,34.0,31.61,8.820311785872425,0.27096547809433286,0.42,750,0.5,0.7,1,7
030T,2467.0,847.97,79.16848552296551,20.450435413853473,0.0,750,0.5,0.7,1,7
