size,nucleus_size,sparsity,shortest_path,diameter,growth_pace,barabasi,ffl_perc,time_spent
300,30,3.0,2.8054,5,0.4,0.3,0.28903654485049834,0:00:17.968536
500,30,3.0,2.935,5,0.4,0.3,0.238,0:00:36.209831
1000,30,3.0,3.053,5,0.4,0.3,0.189,0:03:01.370622
