size,nucleus_size,sparsity,shortest_path,diameter,growth_pace,barabasi,ffl_perc,time_spent
150,30,3.0,2.6787,4,0.4,0.3,0.3333333333333333,0:00:09.912201
200,30,3.0,2.7521,5,0.4,0.3,0.2885572139303483,0:00:10.944655
250,30,3.0,2.8338,5,0.4,0.3,0.2549800796812749,0:00:13.050742
