,N_real,mean(N_rand),sd(N_rand),Z-score,P-value,size,p2_value,p4_value,cascade_value,rep_num
021C,8908.0,5615.2,617.100640090415,5.335920571266224,0.0,500,0.9,0.5,1,5
021D,52217.0,49220.34,585.1124203091232,5.1215115181059145,0.0,500,0.9,0.5,1,5
021U,1004.0,823.69,36.731374872171614,4.908882409860629,0.0,500,0.9,0.5,1,5
030C,12.0,12.81,4.621028024152202,-0.1752856714493973,0.6,500,0.9,0.5,1,5
030T,547.0,318.69,52.67612267431991,4.334221814531979,0.0,500,0.9,0.5,1,5
