,N_real,mean(N_rand),sd(N_rand),Z-score,P-value,size,p2_value,p4_value,cascade_value,rep_num
021C,1690.0,4305.5,641.7653231516954,-4.075477289977802,0.0,500,0.7,0.9,3,2
021D,54595.0,57162.14,616.3612742539882,-4.164992362810485,0.0,500,0.7,0.9,3,2
021U,618.0,686.05,34.66161421515161,-1.9632669031972927,0.01,500,0.7,0.9,3,2
030C,0.0,12.38,5.360559672273036,-2.3094603468429473,0.0,500,0.7,0.9,3,2
030T,404.0,355.27,54.23575481174757,0.8984847757561771,0.17,500,0.7,0.9,3,2
