,N_real,mean(N_rand),sd(N_rand),Z-score,P-value,size,p2_value,p4_value,cascade_value,rep_num
021C,4469.0,5652.18,448.2584607121209,-2.6395039998137557,0.0,500,0.5,0.5,3,0
021D,36349.0,37619.82,398.0906273702007,-3.1922881691414764,0.0,500,0.5,0.5,3,0
021U,855.0,1152.87,59.35716553205687,-5.01826523099608,0.0,500,0.5,0.5,3,0
030C,17.0,37.91,9.916748459046442,-2.1085540372787297,0.01,500,0.5,0.5,3,0
030T,981.0,689.28,72.46351909754314,4.0257498343037375,0.0,500,0.5,0.5,3,0
