,N_real,mean(N_rand),sd(N_rand),Z-score,P-value,size,p2_value,p4_value,cascade_value,rep_num
021C,9207.0,5928.42,565.8672314244747,5.793903265518188,0.0,500,0.7,0.5,1,5
021D,40254.0,37458.44,525.3252767571727,5.321579074315555,0.0,500,0.7,0.5,1,5
021U,1214.0,1087.46,47.95756874571521,2.6385824659075476,0.01,500,0.7,0.5,1,5
030C,10.0,19.04,6.399874998779273,-1.4125275886988902,0.06,500,0.7,0.5,1,5
030T,795.0,368.68,48.06056179446928,8.870474752732918,0.0,500,0.7,0.5,1,5
