,N_real,mean(N_rand),sd(N_rand),Z-score,P-value,size,p2_value,p4_value,cascade_value,rep_num
021C,9815.0,5844.68,593.5505855443156,6.68910131115281,0.0,500,0.7,0.9,1,9
021D,55173.0,51620.28,561.8814657914959,6.322899430390451,0.0,500,0.7,0.9,1,9
021U,1014.0,841.37,37.53575761856953,4.599081274826786,0.0,500,0.7,0.9,1,9
030C,4.0,12.6,4.862098312457287,-1.7687836500479133,0.04,500,0.7,0.9,1,9
030T,699.0,326.94,56.567626784230576,6.5772601954678365,0.0,500,0.7,0.9,1,9
