,N_real,mean(N_rand),sd(N_rand),Z-score,P-value,size,p2_value,p4_value,cascade_value,rep_num
021C,2244.0,3381.25,423.82150429160623,-2.6833230227447973,0.01,500,0.9,0.9,3,0
021D,49800.0,50937.28,408.86995683224274,-2.7815200921368235,0.01,500,0.9,0.9,3,0
021U,817.0,832.95,33.95331353491144,-0.46976269292833395,0.35,500,0.9,0.9,3,0
030C,0.0,9.88,3.8138694261864816,-2.5905449022881446,0.0,500,0.9,0.9,3,0
030T,403.0,372.64,50.90295079855391,0.5964290777591327,0.27,500,0.9,0.9,3,0
