,N_real,mean(N_rand),sd(N_rand),Z-score,P-value,size,p2_value,p4_value,cascade_value,rep_num
021C,8605.0,4939.44,595.9715147555291,6.150562416567231,0.0,500,0.7,0.7,1,7
021D,51685.0,48367.35,567.6853243655327,5.844170806613571,0.0,500,0.7,0.7,1,7
021U,1078.0,959.05,42.84515725259973,2.776276424864387,0.0,500,0.7,0.7,1,7
030C,8.0,13.59,4.958013715188775,-1.127467635451501,0.15,500,0.7,0.7,1,7
030T,679.0,384.56,58.283671812952896,5.051843695519609,0.0,500,0.7,0.7,1,7
