,N_real,mean(N_rand),sd(N_rand),Z-score,P-value,size,p2_value,p4_value,cascade_value,rep_num
021C,8395.0,5117.02,500.8903868113262,6.544306072367762,0.0,500,0.5,0.9,1,7
021D,45287.0,42576.3,473.49545932352925,5.724870105138293,0.0,500,0.5,0.9,1,7
021U,1141.0,1289.03,54.68920460200532,-2.7067499166841436,0.0,500,0.5,0.9,1,7
030C,10.0,21.7,6.717886572427372,-1.7416191645778922,0.03,500,0.5,0.9,1,7
030T,1297.0,518.73,54.64683979883924,14.241811655804684,0.0,500,0.5,0.9,1,7
