,N_real,mean(N_rand),sd(N_rand),Z-score,P-value,size,p2_value,p4_value,cascade_value,rep_num
021C,9838.0,4775.71,500.31956377899115,10.118113234996729,0.0,500,0.5,0.5,1,4
021D,49830.0,45413.51,473.4209647871542,9.3288855553442,0.0,500,0.5,0.5,1,4
021U,909.0,844.0,39.880320961597086,1.6298765514598543,0.07,500,0.5,0.5,1,4
030C,40.0,18.88,6.898231657461208,3.0616542106347446,0.03,500,0.5,0.5,1,4
030T,1295.0,475.04,56.905170239618826,14.409235514932579,0.0,500,0.5,0.5,1,4
