,N_real,mean(N_rand),sd(N_rand),Z-score,P-value,size,p2_value,p4_value,cascade_value,rep_num
021C,8896.0,5517.06,634.1300626843046,5.328465245279141,0.0,500,0.7,0.9,1,4
021D,56055.0,52999.85,599.9280352675644,5.092527470628077,0.0,500,0.7,0.9,1,4
021U,1047.0,989.99,40.04884392838325,1.42351175234789,0.07,500,0.7,0.9,1,4
030C,9.0,11.77,4.801780919617221,-0.5768693004471376,0.35,500,0.7,0.9,1,4
030T,790.0,389.19,62.80632054180535,6.381682552685307,0.0,500,0.7,0.9,1,4
