,N_real,mean(N_rand),sd(N_rand),Z-score,P-value,size,p2_value,p4_value,cascade_value,rep_num
021C,3698.0,4631.56,452.7712075651454,-2.0618802264843183,0.03,500,0.5,0.7,1,0
021D,42044.0,43204.24,426.05877810461783,-2.7231923378306817,0.0,500,0.5,0.7,1,0
021U,657.0,901.17,48.5403038721432,-5.030252811007364,0.0,500,0.5,0.7,1,0
030C,7.0,27.14,8.007521464223496,-2.5151353124662545,0.0,500,0.5,0.7,1,0
030T,1009.0,590.32,58.436782936777064,7.164665454855226,0.0,500,0.5,0.7,1,0
