,N_real,mean(N_rand),sd(N_rand),Z-score,P-value,size,p2_value,p4_value,cascade_value,rep_num
021C,3356.0,6498.47,739.3724833262326,-4.250185219042635,0.0,500,0.7,0.5,1,2
021D,47668.0,50781.33,696.5539900826067,-4.4696176381543395,0.0,500,0.7,0.5,1,2
021U,674.0,780.77,44.99085573758294,-2.3731489043630276,0.02,500,0.7,0.5,1,2
030C,1.0,19.84,6.152592949318198,-3.0621235884112505,0.0,500,0.7,0.5,1,2
030T,402.0,284.45,46.9306669460386,2.504758778202754,0.02,500,0.7,0.5,1,2
