,N_real,mean(N_rand),sd(N_rand),Z-score,P-value,size,p2_value,p4_value,cascade_value,rep_num
021C,2150.0,5566.26,635.0555821343514,-5.3794661382525435,0.0,500,0.9,0.5,1,0
021D,46532.0,49844.36,609.4841510654728,-5.434694231522643,0.0,500,0.9,0.5,1,0
021U,743.0,809.27,37.93437886666921,-1.7469641517770487,0.02,500,0.9,0.5,1,0
030C,1.0,17.4,6.115553940568263,-2.6816867546876866,0.0,500,0.9,0.5,1,0
030T,271.0,318.97,41.94173458501687,-1.1437295208371443,0.13,500,0.9,0.5,1,0
