,N_real,mean(N_rand),sd(N_rand),Z-score,P-value,size,p2_value,p4_value,cascade_value,rep_num
021C,7858.0,4910.54,501.15070427966083,5.881384531299006,0.0,500,0.9,0.5,1,8
021D,53341.0,50610.26,477.23092146255567,5.722051688585431,0.0,500,0.9,0.5,1,8
021U,1089.0,945.12,35.78471181943485,4.020711434704305,0.0,500,0.9,0.5,1,8
030C,12.0,10.8,4.084115571332428,0.29382126412463483,0.41,500,0.9,0.5,1,8
030T,547.0,354.69,58.41929390192935,3.2918918931618375,0.0,500,0.9,0.5,1,8
