,N_real,mean(N_rand),sd(N_rand),Z-score,P-value,size,p2_value,p4_value,cascade_value,rep_num
021C,7804.0,4740.19,528.0356180221179,5.802279042228674,0.0,500,0.9,0.5,1,9
021D,53455.0,50633.13,504.64824690074965,5.591756272473461,0.0,500,0.9,0.5,1,9
021U,938.0,789.56,33.08483640582193,4.486647543884458,0.0,500,0.9,0.5,1,9
030C,9.0,9.71,4.348091535375032,-0.1632900306315106,0.57,500,0.9,0.5,1,9
030T,513.0,310.46,49.1771125626546,4.118582597584433,0.0,500,0.9,0.5,1,9
