,N_real,mean(N_rand),sd(N_rand),Z-score,P-value,size,p2_value,p4_value,cascade_value,rep_num
021C,8164.0,4731.14,549.57572762996,6.2463821224495755,0.0,500,0.7,0.7,1,6
021D,52064.0,48990.36,523.3875909877879,5.872588599586642,0.0,500,0.7,0.7,1,6
021U,1163.0,1053.68,38.98894202206569,2.8038719270230663,0.01,500,0.7,0.7,1,6
030C,6.0,12.48,5.441470389517892,-1.1908545918916817,0.09,500,0.7,0.7,1,6
030T,733.0,405.87,58.464289100270435,5.595381471909265,0.0,500,0.7,0.7,1,6
