,N_real,mean(N_rand),sd(N_rand),Z-score,P-value,size,p2_value,p4_value,cascade_value,rep_num
021C,3852.0,5247.77,525.2472723394192,-2.6573579216952927,0.02,500,0.7,0.7,1,0
021D,41153.0,42637.43,495.07690826779634,-2.9983826254264407,0.0,500,0.7,0.7,1,0
021U,705.0,829.29,50.824461630203224,-2.445475977774818,0.01,500,0.7,0.7,1,0
030C,13.0,27.5,6.791906948714772,-2.1348937948485625,0.0,500,0.7,0.7,1,0
030T,502.0,367.59,47.32696799922852,2.840029811379234,0.0,500,0.7,0.7,1,0
