,N_real,mean(N_rand),sd(N_rand),Z-score,P-value,size,p2_value,p4_value,cascade_value,rep_num
021C,4986.0,5441.12,493.3073540907332,-0.9225891246622089,0.16,500,0.5,0.7,3,2
021D,32886.0,33622.5,463.8332782369113,-1.58785502152741,0.05,500,0.5,0.7,3,2
021U,922.0,1109.09,52.388375619024494,-3.5712120826296325,0.0,500,0.5,0.7,3,2
030C,18.0,40.12,10.956532298131558,-2.018886943250482,0.02,500,0.5,0.7,3,2
030T,1011.0,589.46,66.89998804185244,6.301047464108451,0.0,500,0.5,0.7,3,2
