,N_real,mean(N_rand),sd(N_rand),Z-score,P-value,size,p2_value,p4_value,cascade_value,rep_num
021C,7073.0,4567.21,381.51836902041816,6.5679406379143295,0.0,500,0.5,0.7,1,3
021D,39423.0,37529.49,343.4662572946577,5.512943294384726,0.0,500,0.5,0.7,1,3
021U,911.0,1148.01,53.27485241650135,-4.4488157028960345,0.0,500,0.5,0.7,1,3
030C,22.0,25.8,7.247068372797376,-0.5243499584278376,0.32,500,0.5,0.7,1,3
030T,1578.0,653.79,60.79922614639105,15.201015844752815,0.0,500,0.5,0.7,1,3
