,N_real,mean(N_rand),sd(N_rand),Z-score,P-value,size,p2_value,p4_value,cascade_value,rep_num
021C,2166.0,4745.43,542.0728226908263,-4.75845659849874,0.0,500,0.9,0.5,10,2
021D,54191.0,56698.3,518.3150296875443,-4.837405547571094,0.0,500,0.9,0.5,10,2
021U,662.0,715.74,30.75308764986046,-1.7474668108730165,0.02,500,0.9,0.5,10,2
030C,1.0,14.2,5.621387729022079,-2.348174620983906,0.0,500,0.9,0.5,10,2
030T,440.0,372.1,60.33647321479769,1.125355798610836,0.16,500,0.9,0.5,10,2
