,N_real,mean(N_rand),sd(N_rand),Z-score,P-value,size,p2_value,p4_value,cascade_value,rep_num
021C,11164.0,5893.82,431.8023015223518,12.20507621524846,0.0,500,0.5,0.7,1,5
021D,34046.0,30013.98,383.9151724014043,10.502372111994323,0.0,500,0.5,0.7,1,5
021U,1460.0,1234.48,66.22000906070612,3.405617172194256,0.0,500,0.5,0.7,1,5
030C,43.0,30.35,7.506497185771803,1.6852067864592626,0.06,500,0.5,0.7,1,5
030T,1599.0,459.51,50.62953584618369,22.506427936883632,0.0,500,0.5,0.7,1,5
