,N_real,mean(N_rand),sd(N_rand),Z-score,P-value,size,p2_value,p4_value,cascade_value,rep_num
021C,8591.0,5076.1,515.1215099372185,6.823438610490921,0.0,500,0.9,0.9,1,5
021D,54610.0,51422.26,486.9716135464161,6.546048909884058,0.0,500,0.9,0.9,1,5
021U,920.0,681.68,42.55182252266053,5.600700178543121,0.0,500,0.9,0.9,1,5
030C,1.0,11.25,4.162631379308046,-2.462384743206317,0.0,500,0.9,0.9,1,5
030T,482.0,294.45,54.45794248775839,3.443942085071602,0.0,500,0.9,0.9,1,5
