,N_real,mean(N_rand),sd(N_rand),Z-score,P-value,size,p2_value,p4_value,cascade_value,rep_num
021C,1997.0,3506.72,485.02837195364145,-3.112642656179085,0.0,500,0.9,0.9,3,1
021D,49673.0,51167.43,471.40768460007104,-3.1701434847584897,0.0,500,0.9,0.9,3,1
021U,713.0,744.58,31.00296114889673,-1.0186123786154486,0.18,500,0.9,0.9,3,1
030C,0.0,10.38,4.1970942329187695,-2.4731396113499877,0.0,500,0.9,0.9,3,1
030T,385.0,361.04,59.87001252714084,0.40020035053672665,0.35,500,0.9,0.9,3,1
