,N_real,mean(N_rand),sd(N_rand),Z-score,P-value,size,p2_value,p4_value,cascade_value,rep_num
021C,9898.0,5405.24,397.4421245917448,11.30418675326626,0.0,500,0.5,0.9,1,6
021D,34280.0,30814.18,360.78925649193053,9.60621730729811,0.0,500,0.5,0.9,1,6
021U,1012.0,994.54,55.65077178260873,0.31374227958966805,0.41,500,0.5,0.9,1,6
030C,13.0,25.01,7.1589035473318114,-1.6776312071526984,0.05,500,0.5,0.9,1,6
030T,1574.0,479.34,43.223424204937764,25.325619617960488,0.0,500,0.5,0.9,1,6
