,N_real,mean(N_rand),sd(N_rand),Z-score,P-value,size,p2_value,p4_value,cascade_value,rep_num
021C,9426.0,5395.23,564.485621694654,7.1406070324681465,0.0,500,0.7,0.9,1,7
021D,55977.0,52369.93,533.5838313704793,6.7600811492646775,0.0,500,0.7,0.9,1,7
021U,1134.0,965.98,43.45065707213183,3.866915055417282,0.0,500,0.7,0.9,1,7
030C,7.0,12.91,4.617564293001236,-1.2798955520679347,0.1,500,0.7,0.9,1,7
030T,752.0,395.12,59.20933710150789,6.027427724586217,0.0,500,0.7,0.9,1,7
