,N_real,mean(N_rand),sd(N_rand),Z-score,P-value,size,p2_value,p4_value,cascade_value,rep_num
021C,4155.0,5215.46,501.0281513048942,-2.116567696322259,0.03,500,0.5,0.9,3,1
021D,36940.0,38176.96,459.5518886915818,-2.6916655777910594,0.0,500,0.5,0.9,3,1
021U,782.0,893.86,49.35544954713714,-2.2664163942659994,0.0,500,0.5,0.9,3,1
030C,4.0,30.37,8.098956722936602,-3.255974923945327,0.0,500,0.5,0.9,3,1
030T,668.0,431.86,52.416795018390815,4.505044612459586,0.0,500,0.5,0.9,3,1
