,N_real,mean(N_rand),sd(N_rand),Z-score,P-value,size,p2_value,p4_value,cascade_value,rep_num
021C,2736.0,5125.47,465.83948855802254,-5.1293848174968115,0.0,500,0.7,0.9,3,1
021D,45531.0,47987.05,445.205152148984,-5.516670209553432,0.0,500,0.7,0.9,3,1
021U,855.0,963.15,40.666540300350114,-2.6594344933510086,0.0,500,0.7,0.9,3,1
030C,0.0,22.05,6.757773301909438,-3.2629090996245282,0.0,500,0.7,0.9,3,1
030T,560.0,443.83,49.97760598508096,2.3244410713606096,0.01,500,0.7,0.9,3,1
