,N_real,mean(N_rand),sd(N_rand),Z-score,P-value,size,p2_value,p4_value,cascade_value,rep_num
021C,8963.0,5687.62,606.6421314086255,5.399196380235831,0.0,500,0.9,0.9,1,3
021D,55901.0,52962.46,564.8124718877939,5.202682565026244,0.0,500,0.9,0.9,1,3
021U,1175.0,910.63,51.12742023611205,5.17080656092387,0.0,500,0.9,0.9,1,3
030C,2.0,11.79,4.510642969688468,-2.170422280324296,0.0,500,0.9,0.9,1,3
030T,527.0,355.81,64.33874338219546,2.6607607018848554,0.0,500,0.9,0.9,1,3
