,N_real,mean(N_rand),sd(N_rand),Z-score,P-value,size,p2_value,p4_value,cascade_value,rep_num
021C,10341.0,5977.41,461.8126480511334,9.448831725190967,0.0,500,0.5,0.7,1,8
021D,35689.0,32172.91,412.5968030656563,8.521854686887835,0.0,500,0.5,0.7,1,8
021U,1435.0,1370.12,66.12416804769644,0.9811843674645722,0.14,500,0.5,0.7,1,8
030C,19.0,29.13,7.877379005735346,-1.2859607228019079,0.11,500,0.5,0.7,1,8
030T,1267.0,437.16,45.487299326295464,18.243334123823942,0.0,500,0.5,0.7,1,8
