,N_real,mean(N_rand),sd(N_rand),Z-score,P-value,size,p2_value,p4_value,cascade_value,rep_num
021C,10115.0,5728.85,485.28159608623116,9.038360480541717,0.0,500,0.5,0.9,1,5
021D,34038.0,30672.56,415.55979882563236,8.098569711292326,0.0,500,0.5,0.9,1,5
021U,1131.0,1117.54,68.16471521249099,0.19746286561956514,0.36,500,0.5,0.9,1,5
030C,10.0,22.79,7.280515091667622,-1.7567438346000892,0.0,500,0.5,0.9,1,5
030T,1611.0,507.04,59.288939946671334,18.61999895752867,0.0,500,0.5,0.9,1,5
