,N_real,mean(N_rand),sd(N_rand),Z-score,P-value,size,p2_value,p4_value,cascade_value,rep_num
021C,9099.0,5059.78,567.5556462585849,7.116870436629723,0.0,500,0.7,0.7,1,4
021D,51082.0,47424.43,536.7228196192145,6.814634791557612,0.0,500,0.7,0.7,1,4
021U,1025.0,855.83,42.80351737883232,3.952245291029747,0.0,500,0.7,0.7,1,4
030C,12.0,13.56,5.192918254700338,-0.300409119397937,0.43,500,0.7,0.7,1,4
030T,651.0,345.54,52.94136756828256,5.769779173271727,0.0,500,0.7,0.7,1,4
