,N_real,mean(N_rand),sd(N_rand),Z-score,P-value,size,p2_value,p4_value,cascade_value,rep_num
021C,3911.0,5573.8,462.15763544487726,-3.597906585270139,0.0,500,0.7,0.5,10,2
021D,42534.0,44360.5,443.05334893215735,-4.122528369105463,0.0,500,0.7,0.5,10,2
021U,783.0,870.95,46.769514643622294,-1.8804984543920922,0.02,500,0.7,0.5,10,2
030C,6.0,26.95,8.119575112036342,-2.580184272074042,0.0,500,0.7,0.5,10,2
030T,582.0,376.58,44.68583220664017,4.596982753953842,0.0,500,0.7,0.5,10,2
