,N_real,mean(N_rand),sd(N_rand),Z-score,P-value,size,p2_value,p4_value,cascade_value,rep_num
021C,8391.0,4528.3,624.6665750622487,6.183618836360946,0.0,500,0.9,0.7,1,7
021D,57304.0,53738.08,598.9323614566172,5.953794166886557,0.0,500,0.9,0.7,1,7
021U,1034.0,866.0,32.86822173467862,5.111320026867973,0.0,500,0.9,0.7,1,7
030C,0.0,11.18,4.437071106033799,-2.519680152251055,0.0,500,0.9,0.7,1,7
030T,501.0,340.93,49.780971264128624,3.2154856752532646,0.0,500,0.9,0.7,1,7
