,N_real,mean(N_rand),sd(N_rand),Z-score,P-value,size,p2_value,p4_value,cascade_value,rep_num
021C,10237.0,5605.5,555.7263625202605,8.334137648240768,0.0,500,0.5,0.5,1,3
021D,45931.0,41862.98,528.4505081840683,7.6980151158886505,0.0,500,0.5,0.5,1,3
021U,1106.0,1018.85,41.5317649516608,2.0983938462869243,0.02,500,0.5,0.5,1,3
030C,61.0,24.95,7.099823941479112,5.07759069762083,0.0,500,0.5,0.5,1,3
030T,1212.0,457.75,53.061355994735,14.214676309343474,0.0,500,0.5,0.5,1,3
