,N_real,mean(N_rand),sd(N_rand),Z-score,P-value,size,p2_value,p4_value,cascade_value,rep_num
021C,9440.0,6159.7,686.7193385947421,4.776769512145374,0.0,500,0.7,0.9,1,6
021D,55406.0,52488.14,648.4678252619786,4.499621856830284,0.0,500,0.7,0.9,1,6
021U,1205.0,1040.45,48.64964028643994,3.3823477220213856,0.0,500,0.7,0.9,1,6
030C,3.0,15.46,5.731352370950506,-2.1740069696558533,0.01,500,0.7,0.9,1,6
030T,683.0,377.14,47.95790237281026,6.377676772064313,0.0,500,0.7,0.9,1,6
