,N_real,mean(N_rand),sd(N_rand),Z-score,P-value,size,p2_value,p4_value,cascade_value,rep_num
021C,7775.0,4482.47,503.25976304489114,6.542406609419922,0.0,500,0.9,0.9,1,6
021D,56107.0,53066.1,486.0696966485362,6.256098705529453,0.0,500,0.9,0.9,1,6
021U,956.0,763.41,28.891208005204632,6.666041792551759,0.0,500,0.9,0.9,1,6
030C,0.0,10.37,4.222925526219945,-2.455643590116179,0.0,500,0.9,0.9,1,6
030T,426.0,293.72,50.114884016627244,2.639535191902505,0.02,500,0.9,0.9,1,6
