,N_real,mean(N_rand),sd(N_rand),Z-score,P-value,size,p2_value,p4_value,cascade_value,rep_num
021C,3932.0,5274.6,526.2469192308872,-2.5512738430131194,0.01,500,0.7,0.9,1,0
021D,42692.0,44066.56,495.9490360914113,-2.7715751014115177,0.0,500,0.7,0.9,1,0
021U,717.0,818.9,39.41053158738156,-2.585603286625706,0.0,500,0.7,0.9,1,0
030C,0.0,20.2,5.9715994507334464,-3.382678320381818,0.0,500,0.7,0.9,1,0
030T,425.0,328.46,44.26407572738868,2.1810011485287895,0.02,500,0.7,0.9,1,0
