,N_real,mean(N_rand),sd(N_rand),Z-score,P-value,size,p2_value,p4_value,cascade_value,rep_num
021C,3607.0,5567.21,650.7421039859032,-3.0122685899581247,0.0,500,0.9,0.7,1,1
021D,43382.0,45348.35,614.135365778588,-3.201818539642479,0.0,500,0.9,0.7,1,1
021U,673.0,697.69,38.603029673848134,-0.6395871051728992,0.26,500,0.9,0.7,1,1
030C,0.0,15.93,5.490455354522064,-2.9013986948968977,0.0,500,0.9,0.7,1,1
030T,380.0,263.38,41.87953676916687,2.784653532411075,0.0,500,0.9,0.7,1,1
