,N_real,mean(N_rand),sd(N_rand),Z-score,P-value,size,p2_value,p4_value,cascade_value,rep_num
021C,8405.0,5094.67,548.2145757821476,6.038383775690555,0.0,500,0.9,0.9,1,7
021D,53261.0,50242.25,517.0972128139931,5.837877144168413,0.0,500,0.9,0.9,1,7
021U,864.0,648.2,38.71253027121839,5.574422505791124,0.0,500,0.9,0.9,1,7
030C,1.0,11.3,4.028647415696738,-2.5566893642437702,0.0,500,0.9,0.9,1,7
030T,470.0,289.43,56.52066082416234,3.1947609487751616,0.0,500,0.9,0.9,1,7
