,N_real,mean(N_rand),sd(N_rand),Z-score,P-value,size,p2_value,p4_value,cascade_value,rep_num
021C,8270.0,5103.69,608.5574696772688,5.202976148956257,0.0,500,0.7,0.9,1,5
021D,56340.0,53466.93,574.6432328845437,4.99974564318458,0.0,500,0.7,0.9,1,5
021U,844.0,755.41,36.45492970779124,2.4301240109390845,0.01,500,0.7,0.9,1,5
030C,3.0,10.72,4.2569472630043235,-1.8135061402080048,0.03,500,0.7,0.9,1,5
030T,648.0,321.48,48.040915894682946,6.796706389108174,0.0,500,0.7,0.9,1,5
