,N_real,mean(N_rand),sd(N_rand),Z-score,P-value,size,p2_value,p4_value,cascade_value,rep_num
021C,1721.0,5750.32,557.4551260863964,-7.22806161688344,0.0,500,0.9,0.7,3,1
021D,57313.0,61252.81,533.7925382580764,-7.38078882267026,0.0,500,0.9,0.7,3,1
021U,755.0,798.74,33.05105747173606,-1.323406975326121,0.05,500,0.9,0.7,3,1
030C,0.0,13.94,4.549329620944167,-3.0641877290718043,0.0,500,0.9,0.7,3,1
030T,356.0,343.09,55.58004947820755,0.23227759099174466,0.36,500,0.9,0.7,3,1
