,N_real,mean(N_rand),sd(N_rand),Z-score,P-value,size,p2_value,p4_value,cascade_value,rep_num
021C,14298.0,8511.57,918.9693602618098,6.296651716822719,0.0,750,0.9,0.5,1,3
021D,136461.0,131017.63,884.0818362006993,6.15708837927564,0.0,750,0.9,0.5,1,3
021U,1533.0,1290.58,44.96046707942434,5.391847899884049,0.0,750,0.9,0.5,1,3
030C,10.0,12.62,5.053276165024033,-0.5184755225004685,0.33,750,0.9,0.5,1,3
030T,851.0,507.33,85.38817892425156,4.024795988504123,0.0,750,0.9,0.5,1,3
