,N_real,mean(N_rand),sd(N_rand),Z-score,P-value,size,p2_value,p4_value,cascade_value,rep_num
021C,14595.0,9003.38,758.7570860295144,7.369446826862973,0.0,750,0.7,0.7,1,8
021D,105456.0,100407.02,722.6355786978662,6.986896506117053,0.0,750,0.7,0.7,1,8
021U,1692.0,1495.05,55.99703117130408,3.5171507467511587,0.0,750,0.7,0.7,1,8
030C,11.0,20.75,6.148780366869514,-1.585680316788409,0.04,750,0.7,0.7,1,8
030T,1030.0,539.28,62.64600226670494,7.8332213109280495,0.0,750,0.7,0.7,1,8
