,N_real,mean(N_rand),sd(N_rand),Z-score,P-value,size,p2_value,p4_value,cascade_value,rep_num
021C,13568.0,8383.18,720.6099136148489,7.1950439510206055,0.0,750,0.7,0.7,1,1
021D,101270.0,96568.23,684.9625954021138,6.864272635558713,0.0,750,0.7,0.7,1,1
021U,1634.0,1497.05,58.52322188670067,2.340096727161253,0.02,750,0.7,0.7,1,1
030C,34.0,26.21,7.25574944440614,1.0736313401788897,0.21,750,0.7,0.7,1,1
030T,1094.0,585.24,68.12578366521738,7.467950790850937,0.0,750,0.7,0.7,1,1
