,N_real,mean(N_rand),sd(N_rand),Z-score,P-value,size,p2_value,p4_value,cascade_value,rep_num
021C,14121.0,9576.56,633.0665576382945,7.1784553222229865,0.0,750,0.5,0.9,1,6
021D,75831.0,72135.81,573.8636893026078,6.439142376285577,0.0,750,0.5,0.9,1,6
021U,1858.0,2031.25,77.37187796609308,-2.239185664795727,0.02,750,0.5,0.9,1,6
030C,35.0,34.97,9.084552823336987,0.003302308939514909,0.51,750,0.5,0.9,1,6
030T,2035.0,832.94,71.19168771703617,16.884836398004747,0.0,750,0.5,0.9,1,6
