,N_real,mean(N_rand),sd(N_rand),Z-score,P-value,size,p2_value,p4_value,cascade_value,rep_num
021C,20574.0,11778.42,845.1977896326989,10.406534550714255,0.0,750,0.5,0.9,1,1
021D,83069.0,75801.05,769.1045231306341,9.449885914616472,0.0,750,0.5,0.9,1,1
021U,2590.0,2139.51,97.52963600875377,4.619006267587896,0.0,750,0.5,0.9,1,1
030C,80.0,45.3,11.238772174930853,3.0875258844913365,0.0,750,0.5,0.9,1,1
030T,2065.0,693.53,69.19197280031838,19.821229898415172,0.0,750,0.5,0.9,1,1
