,N_real,mean(N_rand),sd(N_rand),Z-score,P-value,size,p2_value,p4_value,cascade_value,rep_num
021C,17534.0,9251.37,806.2660932347335,10.272824405612978,0.0,750,0.5,0.5,1,4
021D,87491.0,80405.33,751.2677026865989,9.431618016668391,0.0,750,0.5,0.5,1,4
021U,1774.0,1755.62,71.67604620792082,0.25643155520440747,0.39,750,0.5,0.5,1,4
030C,111.0,37.6,9.92169340384997,7.397930676986873,0.0,750,0.5,0.5,1,4
030T,2612.0,915.2,82.817027234742,20.488540299695604,0.0,750,0.5,0.5,1,4
