,N_real,mean(N_rand),sd(N_rand),Z-score,P-value,size,p2_value,p4_value,cascade_value,rep_num
021C,15716.0,7805.35,655.7298128802746,12.063886443187162,0.0,750,0.5,0.5,1,7
021D,81893.0,75117.88,607.5921210812398,11.150770006601366,0.0,750,0.5,0.5,1,7
021U,1407.0,1387.2,59.701423768617104,0.3316503820200031,0.4,750,0.5,0.5,1,7
030C,92.0,38.61,9.48461385613563,5.629116884443516,0.0,750,0.5,0.5,1,7
030T,2451.0,908.58,85.13062668628721,18.11827376396434,0.0,750,0.5,0.5,1,7
