,N_real,mean(N_rand),sd(N_rand),Z-score,P-value,size,p2_value,p4_value,cascade_value,rep_num
021C,11158.0,6871.62,768.2724488096654,5.57924471538862,0.0,750,0.7,0.9,1,1
021D,106103.0,102102.64,743.633599563656,5.379477208059591,0.0,750,0.7,0.9,1,1
021U,1259.0,1261.78,51.27369305989183,-0.05421883687513414,0.49,750,0.7,0.9,1,1
030C,11.0,12.76,4.931774528503914,-0.3568695182287474,0.43,750,0.7,0.9,1,1
030T,1015.0,515.97,89.40128131072842,5.58191104963632,0.0,750,0.7,0.9,1,1
