,N_real,mean(N_rand),sd(N_rand),Z-score,P-value,size,p2_value,p4_value,cascade_value,rep_num
021C,21862.0,12424.22,1308.9708750006625,7.210076389205546,0.0,750,0.9,0.7,1,4
021D,131530.0,122903.72,1245.539907670565,6.925735535951674,0.0,750,0.9,0.7,1,4
021U,2016.0,1406.24,74.3401802526736,8.202293805684851,0.0,750,0.9,0.7,1,4
030C,23.0,17.39,6.087520020500959,0.9215575441406658,0.15,750,0.9,0.7,1,4
030T,800.0,416.73,59.56506610421918,6.434476196658696,0.0,750,0.9,0.7,1,4
