,N_real,mean(N_rand),sd(N_rand),Z-score,P-value,size,p2_value,p4_value,cascade_value,rep_num
021C,17879.0,10069.88,713.5568271693572,10.943935651177739,0.0,750,0.5,0.5,1,2
021D,81572.0,75023.0,643.3822969277287,10.179018029051631,0.0,750,0.5,0.5,1,2
021U,1820.0,1851.29,78.9082118666999,-0.3965366754585485,0.38,750,0.5,0.5,1,2
030C,131.0,52.21,12.084117675693166,6.520128495478298,0.0,750,0.5,0.5,1,2
030T,2928.0,1146.58,86.04303341933036,20.703826088025714,0.0,750,0.5,0.5,1,2
