,N_real,mean(N_rand),sd(N_rand),Z-score,P-value,size,p2_value,p4_value,cascade_value,rep_num
021C,16185.0,9339.59,746.0157249683147,9.17595939454325,0.0,750,0.5,0.7,1,2
021D,99540.0,93448.85,706.6961493456718,8.61919228743467,0.0,750,0.5,0.7,1,2
021U,1564.0,1608.9,70.23268469879248,-0.6393034837350032,0.26,750,0.5,0.7,1,2
030C,72.0,29.67,8.534699760389934,4.95975267887643,0.0,750,0.5,0.7,1,2
030T,1796.0,648.06,70.81042578603802,16.21145455993493,0.0,750,0.5,0.7,1,2
