,N_real,mean(N_rand),sd(N_rand),Z-score,P-value,size,p2_value,p4_value,cascade_value,rep_num
021C,15766.0,8755.83,659.7018577357502,10.62626990935046,0.0,750,0.5,0.5,1,1
021D,81485.0,75594.8,605.4212913335639,9.729092921435964,0.0,750,0.5,0.5,1,1
021U,1509.0,1612.74,83.63391895636602,-1.2404058221177445,0.11,750,0.5,0.5,1,1
030C,87.0,44.54,10.553122760586083,4.0234536225220525,0.0,750,0.5,0.5,1,1
030T,2673.0,1094.7,80.18297824351501,19.683728823425795,0.0,750,0.5,0.5,1,1
