,N_real,mean(N_rand),sd(N_rand),Z-score,P-value,size,p2_value,p4_value,cascade_value,rep_num
021C,10378.0,6233.01,759.7247329789915,5.455910305495636,0.0,750,0.9,0.9,1,0
021D,138906.0,134997.35,734.1538309509799,5.324020437156825,0.0,750,0.9,0.9,1,0
021U,1278.0,1169.33,43.81370904180562,2.4802739228562154,0.01,750,0.9,0.9,1,0
030C,1.0,10.27,4.413286757055335,-2.1004753396503055,0.0,750,0.9,0.9,1,0
030T,773.0,539.12,77.68233776090932,3.010722987248862,0.0,750,0.9,0.9,1,0
