,N_real,mean(N_rand),sd(N_rand),Z-score,P-value,size,p2_value,p4_value,cascade_value,rep_num
021C,14802.0,7728.6,627.1710771392443,11.278262435609042,0.0,750,0.5,0.5,1,3
021D,84272.0,78253.6,576.9903985336325,10.430676169473875,0.0,750,0.5,0.5,1,3
021U,1382.0,1606.59,65.75212468049988,-3.4157071135163886,0.0,750,0.5,0.5,1,3
030C,86.0,40.04,10.184223092607507,4.512862648635545,0.0,750,0.5,0.5,1,3
030T,2739.0,1039.02,104.11579899323638,16.32778133999082,0.0,750,0.5,0.5,1,3
