,N_real,mean(N_rand),sd(N_rand),Z-score,P-value,size,p2_value,p4_value,cascade_value,rep_num
021C,15283.0,9872.8,699.8949349723856,7.730017363553946,0.0,750,0.5,0.9,1,8
021D,74458.0,70164.66,636.4893906421378,6.745344169316878,0.0,750,0.5,0.9,1,8
021U,1875.0,1902.65,81.82546975117222,-0.3379143448132051,0.36,750,0.5,0.9,1,8
030C,25.0,37.47,11.12964959017129,-1.120430602865735,0.13,750,0.5,0.9,1,8
030T,2084.0,795.7,87.61740694633686,14.703699240826046,0.0,750,0.5,0.9,1,8
