,N_real,mean(N_rand),sd(N_rand),Z-score,P-value,size,p2_value,p4_value,cascade_value,rep_num
021C,14455.0,8286.43,883.3790721428711,6.982925218090679,0.0,750,0.9,0.7,1,3
021D,142520.0,136708.26,856.0597131041736,6.788942302781584,0.0,750,0.9,0.7,1,3
021U,1483.0,1272.1,44.16344642348466,4.775442522706979,0.0,750,0.9,0.7,1,3
030C,3.0,10.5,4.2296571965113205,-1.7731933467766852,0.02,750,0.9,0.7,1,3
030T,825.0,501.68,75.80948225650933,4.264901835182212,0.0,750,0.9,0.7,1,3
