,N_real,mean(N_rand),sd(N_rand),Z-score,P-value,size,p2_value,p4_value,cascade_value,rep_num
021C,14233.0,9192.7,698.549361176431,7.215381303207551,0.0,750,0.5,0.9,1,2
021D,72002.0,67975.63,632.4626890971514,6.366177909637153,0.0,750,0.5,0.9,1,2
021U,1606.0,1730.85,78.54761294908967,-1.5894817845186582,0.05,750,0.5,0.9,1,2
030C,50.0,37.03,9.739050261704167,1.331752034487444,0.12,750,0.5,0.9,1,2
030T,2159.0,829.81,80.49952732780486,16.51177397088756,0.0,750,0.5,0.9,1,2
