,N_real,mean(N_rand),sd(N_rand),Z-score,P-value,size,p2_value,p4_value,cascade_value,rep_num
021C,11330.0,6826.31,920.7735410512186,4.8912026673336815,0.0,750,0.9,0.9,1,4
021D,138893.0,134661.66,894.1866943765157,4.7320543088044476,0.0,750,0.9,0.9,1,4
021U,1742.0,1573.44,45.102399049274524,3.7372734832984733,0.0,750,0.9,0.9,1,4
030C,3.0,11.69,4.309744772025369,-2.016360703401033,0.02,750,0.9,0.9,1,4
030T,809.0,617.79,81.45689596344805,2.3473764589041206,0.01,750,0.9,0.9,1,4
