,N_real,mean(N_rand),sd(N_rand),Z-score,P-value,size,p2_value,p4_value,cascade_value,rep_num
021C,12627.0,8186.87,731.2953255012642,6.071596310227371,0.0,750,0.7,0.7,1,2
021D,104814.0,100813.19,696.879770046455,5.741033348884986,0.0,750,0.7,0.7,1,2
021U,1777.0,1602.44,51.962163157436,3.3593674588010236,0.0,750,0.7,0.7,1,2
030C,20.0,21.96,5.868423979229858,-0.33399086482793994,0.41,750,0.7,0.7,1,2
030T,1076.0,637.84,74.08531838360418,5.914262225766032,0.0,750,0.7,0.7,1,2
