,N_real,mean(N_rand),sd(N_rand),Z-score,P-value,size,p2_value,p4_value,cascade_value,rep_num
021C,19862.0,11917.98,931.8500306379777,8.524998378291881,0.0,750,0.7,0.5,1,4
021D,95189.0,88186.51,867.3142624792931,8.073763228547378,0.0,750,0.7,0.5,1,4
021U,2296.0,1878.83,77.52110099837333,5.381373518014841,0.0,750,0.7,0.5,1,4
030C,66.0,32.79,8.276829102983823,4.012406150566488,0.0,750,0.7,0.5,1,4
030T,1353.0,537.96,62.633843886512345,13.012773117945452,0.0,750,0.7,0.5,1,4
