,N_real,mean(N_rand),sd(N_rand),Z-score,P-value,size,p2_value,p4_value,cascade_value,rep_num
021C,14098.0,9051.65,859.8402569663739,5.868938979205471,0.0,750,0.7,0.7,1,6
021D,109158.0,104643.81,815.360113017555,5.536437125055699,0.0,750,0.7,0.7,1,6
021U,1731.0,1560.85,65.2938549941723,2.6059113834707195,0.01,750,0.7,0.7,1,6
030C,7.0,22.65,7.269628601242294,-2.152792234437616,0.0,750,0.7,0.7,1,6
030T,1078.0,595.42,68.51338263434378,7.043587419636417,0.0,750,0.7,0.7,1,6
