,N_real,mean(N_rand),sd(N_rand),Z-score,P-value,size,p2_value,p4_value,cascade_value,rep_num
021C,17066.0,9461.08,903.9004223917589,8.4134488839789,0.0,750,0.5,0.7,1,9
021D,105058.0,98297.77,860.4922644045093,7.856235645160983,0.0,750,0.5,0.7,1,9
021U,1766.0,1687.63,62.866947595696104,1.246601004139815,0.13,750,0.5,0.7,1,9
030C,31.0,27.41,7.251337807604884,0.49508105886819476,0.33,750,0.5,0.7,1,9
030T,1649.0,653.44,70.29570683903819,14.162458061338153,0.0,750,0.5,0.7,1,9
