,N_real,mean(N_rand),sd(N_rand),Z-score,P-value,size,p2_value,p4_value,cascade_value,rep_num
021C,21106.0,12221.97,752.8607501390945,11.80036281391829,0.0,750,0.5,0.5,1,9
021D,66380.0,59581.68,662.8978032849408,10.255457125233226,0.0,750,0.5,0.5,1,9
021U,2897.0,2587.81,111.94710313357822,2.761929441184971,0.0,750,0.5,0.5,1,9
030C,74.0,52.04,11.11208351300511,1.9762270481767843,0.02,750,0.5,0.5,1,9
030T,3011.0,926.68,73.99417274353435,28.16870467927664,0.0,750,0.5,0.5,1,9
