,N_real,mean(N_rand),sd(N_rand),Z-score,P-value,size,p2_value,p4_value,cascade_value,rep_num
021C,11370.0,6787.21,679.4180935918619,6.745169201738923,0.0,750,0.7,0.9,1,7
021D,105878.0,101603.28,658.192754138178,6.494632420554702,0.0,750,0.7,0.9,1,7
021U,1231.0,1205.16,46.01493670537862,0.5615567867765755,0.3,750,0.7,0.9,1,7
030C,7.0,13.36,5.290595429627936,-1.2021331218001052,0.08,750,0.7,0.9,1,7
030T,1003.0,515.9,79.67866715752717,6.113305071192875,0.0,750,0.7,0.9,1,7
