,N_real,mean(N_rand),sd(N_rand),Z-score,P-value,size,p2_value,p4_value,cascade_value,rep_num
021C,18704.0,11084.63,705.3463355685631,10.802310320160954,0.0,750,0.5,0.5,1,8
021D,79167.0,73086.15,627.6023641606205,9.68901703889017,0.0,750,0.5,0.5,1,8
021U,2478.0,2698.43,94.2589258372914,-2.33855837038185,0.01,750,0.5,0.5,1,8
030C,97.0,58.48,12.837040157294826,3.0006917114854144,0.0,750,0.5,0.5,1,8
030T,3455.0,1304.01,100.54138401673214,21.39407589258997,0.0,750,0.5,0.5,1,8
