,N_real,mean(N_rand),sd(N_rand),Z-score,P-value,size,p2_value,p4_value,cascade_value,rep_num
021C,22825.0,13588.22,1143.608985449135,8.076869032619918,0.0,750,0.7,0.5,1,7
021D,92167.0,84079.82,1039.2119165983424,7.782031624956534,0.0,750,0.7,0.5,1,7
021U,2417.0,1796.44,101.19449787414334,6.13234921894466,0.0,750,0.7,0.5,1,7
030C,67.0,35.09,9.120411174941621,3.498745767918106,0.0,750,0.7,0.5,1,7
030T,1268.0,464.8,65.72046865322858,12.221458800576311,0.0,750,0.7,0.5,1,7
