,N_real,mean(N_rand),sd(N_rand),Z-score,P-value,size,p2_value,p4_value,cascade_value,rep_num
021C,16385.0,9910.31,945.3046883941706,6.84931544240919,0.0,750,0.9,0.5,1,1
021D,133675.0,127620.42,903.8787438589316,6.698442729332443,0.0,750,0.9,0.5,1,1
021U,1546.0,1257.24,46.15129900663685,6.256811968791485,0.0,750,0.9,0.5,1,1
030C,11.0,13.1,4.950757517794625,-0.4241775107045578,0.44,750,0.9,0.5,1,1
030T,827.0,444.26,73.18573904798666,5.22970738532877,0.0,750,0.9,0.5,1,1
