,N_real,mean(N_rand),sd(N_rand),Z-score,P-value,size,p2_value,p4_value,cascade_value,rep_num
021C,20552.0,11650.55,998.3925818534511,8.915781388795013,0.0,750,0.7,0.5,1,1
021D,97546.0,89614.56,945.7953935180695,8.385999820212142,0.0,750,0.7,0.5,1,1
021U,2160.0,1683.21,67.16268234667226,7.099031535681715,0.0,750,0.7,0.5,1,1
030C,60.0,29.57,7.124963157799485,4.270899277098603,0.0,750,0.7,0.5,1,1
030T,1267.0,502.44,64.23057215999248,11.903365862841,0.0,750,0.7,0.5,1,1
