,N_real,mean(N_rand),sd(N_rand),Z-score,P-value,size,p2_value,p4_value,cascade_value,rep_num
021C,12612.0,7933.56,881.0148389215701,5.310285131776861,0.0,750,0.7,0.9,1,2
021D,109555.0,105203.94,849.2794689617782,5.123237001500877,0.0,750,0.7,0.9,1,2
021U,1462.0,1407.42,40.481645223483696,1.3482653607254498,0.09,750,0.7,0.9,1,2
030C,4.0,14.04,5.194073545878996,-1.932972244485407,0.02,750,0.7,0.9,1,2
030T,1002.0,546.24,85.16937477755722,5.351219275594544,0.0,750,0.7,0.9,1,2
