,N_real,mean(N_rand),sd(N_rand),Z-score,P-value,size,p2_value,p4_value,cascade_value,rep_num
021C,14261.0,9498.26,649.9112034732129,7.32829342615926,0.0,750,0.5,0.9,1,0
021D,76156.0,72229.64,592.2923859041242,6.62909078935141,0.0,750,0.5,0.9,1,0
021U,1895.0,2060.18,78.11598812023054,-2.114547917460464,0.01,750,0.5,0.9,1,0
030C,61.0,39.13,9.26677398019397,2.3600446117217397,0.03,750,0.5,0.9,1,0
030T,2116.0,877.53,77.3610308876504,16.008964536661885,0.0,750,0.5,0.9,1,0
