,N_real,mean(N_rand),sd(N_rand),Z-score,P-value,size,p2_value,p4_value,cascade_value,rep_num
021C,18312.0,11265.55,762.4664894275681,9.241652056459841,0.0,750,0.7,0.5,1,0
021D,97802.0,91511.88,710.6604995354674,8.851089942541643,0.0,750,0.7,0.5,1,0
021U,2350.0,2150.97,69.37772769412386,2.86878810556457,0.01,750,0.7,0.5,1,0
030C,43.0,30.17,6.757299756559569,1.8986874139400767,0.06,750,0.7,0.5,1,0
030T,1375.0,598.6,61.66749548992565,12.590101054563455,0.0,750,0.7,0.5,1,0
