,N_real,mean(N_rand),sd(N_rand),Z-score,P-value,size,p2_value,p4_value,cascade_value,rep_num
021C,21941.0,13442.32,994.7275896445218,8.543726029592793,0.0,750,0.7,0.5,1,3
021D,94684.0,87304.54,923.6865747644057,7.989138525567725,0.0,750,0.7,0.5,1,3
021U,2750.0,2194.92,94.69009240675605,5.862070528092499,0.0,750,0.7,0.5,1,3
030C,66.0,36.94,8.449639045545082,3.4392001650438973,0.0,750,0.7,0.5,1,3
030T,1402.0,572.85,61.27762642270015,13.531039767768213,0.0,750,0.7,0.5,1,3
