,N_real,mean(N_rand),sd(N_rand),Z-score,P-value,size,p2_value,p4_value,cascade_value,rep_num
021C,15506.0,9052.31,920.7684800752033,7.009025764514548,0.0,750,0.9,0.5,1,9
021D,138230.0,132178.03,883.520169039734,6.849837968699308,0.0,750,0.9,0.5,1,9
021U,1508.0,1221.63,47.621351303800694,6.013479083638361,0.0,750,0.9,0.5,1,9
030C,9.0,12.14,4.422714098831169,-0.7099712823014802,0.31,750,0.9,0.5,1,9
030T,830.0,490.65,84.04300982235227,4.037813504267736,0.0,750,0.9,0.5,1,9
