,N_real,mean(N_rand),sd(N_rand),Z-score,P-value,size,p2_value,p4_value,cascade_value,rep_num
021C,14951.0,9040.63,860.9825161407169,6.8646806284670525,0.0,750,0.9,0.5,1,6
021D,132630.0,127098.41,830.111656284864,6.663669830582112,0.0,750,0.9,0.5,1,6
021U,1515.0,1278.72,40.391107932316,5.849802397001291,0.0,750,0.9,0.5,1,6
030C,6.0,12.75,5.032643440578719,-1.341243439893647,0.04,750,0.9,0.5,1,6
030T,849.0,476.31,78.56445697642161,4.743748182614563,0.0,750,0.9,0.5,1,6
