,N_real,mean(N_rand),sd(N_rand),Z-score,P-value,size,p2_value,p4_value,cascade_value,rep_num
021C,16953.0,11659.02,1169.3522393188464,4.527275718977346,0.0,750,0.9,0.7,1,2
021D,140589.0,135738.95,1118.6352969131628,4.335684752111382,0.0,750,0.9,0.7,1,2
021U,1534.0,1293.03,60.10531673654171,4.009129526032422,0.0,750,0.9,0.7,1,2
030C,1.0,12.41,5.753425066862347,-1.9831665255740418,0.0,750,0.9,0.7,1,2
030T,820.0,429.06,64.47027532126724,6.063879796570964,0.0,750,0.9,0.7,1,2
