,N_real,mean(N_rand),sd(N_rand),Z-score,P-value,size,p2_value,p4_value,cascade_value,rep_num
021C,11689.0,6890.04,894.8685928112575,5.3627538596744335,0.0,750,0.9,0.9,1,5
021D,139099.0,134622.11,869.5944329973601,5.148250529351773,0.0,750,0.9,0.9,1,5
021U,1459.0,1268.64,41.49831803820487,4.58717386629375,0.0,750,0.9,0.9,1,5
030C,1.0,11.47,3.9432347127707223,-2.6551805212333486,0.0,750,0.9,0.9,1,5
030T,807.0,559.09,72.8391508736888,3.4035267713362494,0.0,750,0.9,0.9,1,5
