,N_real,mean(N_rand),sd(N_rand),Z-score,P-value,size,p2_value,p4_value,cascade_value,rep_num
021C,12953.0,7798.87,708.3184263451006,7.276571960149531,0.0,750,0.7,0.9,1,3
021D,110038.0,105234.21,679.2901632586769,7.071779130372432,0.0,750,0.7,0.9,1,3
021U,1412.0,1321.36,50.299407551182945,1.8020092961883887,0.04,750,0.7,0.9,1,3
030C,3.0,13.29,6.1062181421891575,-1.685167440859049,0.01,750,0.7,0.9,1,3
030T,971.0,510.39,71.6865252331287,6.425335842434402,0.0,750,0.7,0.9,1,3
