,N_real,mean(N_rand),sd(N_rand),Z-score,P-value,size,p2_value,p4_value,cascade_value,rep_num
021C,18345.0,11136.81,1170.0973865025082,6.160333390322079,0.0,750,0.9,0.7,1,7
021D,147083.0,140331.24,1124.2673625076911,6.005475410173014,0.0,750,0.9,0.7,1,7
021U,1714.0,1451.48,47.52062289154047,5.524338361455555,0.0,750,0.9,0.7,1,7
030C,3.0,13.11,4.623624119670629,-2.1865964313552806,0.0,750,0.9,0.7,1,7
030T,871.0,508.97,73.75004474574915,4.908878377607586,0.0,750,0.9,0.7,1,7
