,N_real,mean(N_rand),sd(N_rand),Z-score,P-value,size,p2_value,p4_value,cascade_value,rep_num
021C,21244.0,13444.47,876.8040083735932,8.895408695117116,0.0,750,0.7,0.5,1,6
021D,90475.0,83712.57,815.9065786595914,8.288240561939851,0.0,750,0.7,0.5,1,6
021U,2363.0,1896.96,73.2420534938774,6.363011108624338,0.0,750,0.7,0.5,1,6
030C,70.0,33.96,7.8535597024534045,4.5890018495359906,0.0,750,0.7,0.5,1,6
030T,1428.0,538.03,63.04672156424948,14.116039310514376,0.0,750,0.7,0.5,1,6
