,N_real,mean(N_rand),sd(N_rand),Z-score,P-value,size,p2_value,p4_value,cascade_value,rep_num
021C,11586.0,6894.92,829.0607297417965,5.658306842565072,0.0,750,0.9,0.9,1,9
021D,144289.0,139888.27,806.5959937292027,5.455928413001095,0.0,750,0.9,0.9,1,9
021U,1668.0,1481.46,37.90024274328596,4.92186821238884,0.0,750,0.9,0.9,1,9
030C,1.0,11.81,4.727991116742924,-2.2863833144100587,0.0,750,0.9,0.9,1,9
030T,859.0,694.47,86.92312178011098,1.8928220320504683,0.02,750,0.9,0.9,1,9
