,N_real,mean(N_rand),sd(N_rand),Z-score,P-value,size,p2_value,p4_value,cascade_value,rep_num
021C,15720.0,9321.19,762.8074553253921,8.388499555592896,0.0,750,0.5,0.7,1,3
021D,109147.0,103419.85,736.3971533758125,7.777257114242541,0.0,750,0.5,0.7,1,3
021U,1884.0,2012.86,62.802073214186166,-2.051843090601858,0.01,750,0.5,0.7,1,3
030C,27.0,27.02,6.946912983476906,-0.0028789766112759974,0.48,750,0.5,0.7,1,3
030T,1739.0,739.02,79.48332906968605,12.58100298143375,0.0,750,0.5,0.7,1,3
