,N_real,mean(N_rand),sd(N_rand),Z-score,P-value,size,p2_value,p4_value,cascade_value,rep_num
021C,13546.0,8378.78,893.8179074062009,5.781065647918067,0.0,750,0.7,0.9,1,8
021D,106714.0,101938.64,858.8589467427117,5.560121389095286,0.0,750,0.7,0.9,1,8
021U,1450.0,1293.47,50.031081339503345,3.128655144145518,0.02,750,0.7,0.9,1,8
030C,5.0,15.91,5.361147265278207,-2.035012183056278,0.03,750,0.7,0.9,1,8
030T,927.0,518.17,72.11699591635802,5.668982669136204,0.0,750,0.7,0.9,1,8
