,N_real,mean(N_rand),sd(N_rand),Z-score,P-value,size,p2_value,p4_value,cascade_value,rep_num
021C,14636.0,8588.92,838.3850032055678,7.212772147496639,0.0,750,0.5,0.7,1,1
021D,100272.0,94803.38,798.4517866471338,6.849029699042789,0.0,750,0.5,0.7,1,1
021U,1592.0,1602.13,66.97322674024299,-0.15125447127237154,0.49,750,0.5,0.7,1,1
030C,53.0,27.61,6.789543430894305,3.7395739873271094,0.0,750,0.5,0.7,1,1
030T,1519.0,661.33,76.66981870332027,11.186540081943061,0.0,750,0.5,0.7,1,1
