,N_real,mean(N_rand),sd(N_rand),Z-score,P-value,size,p2_value,p4_value,cascade_value,rep_num
021C,15039.0,8822.09,1017.5332534615269,6.109785580815971,0.0,750,0.9,0.5,1,5
021D,143298.0,137477.74,983.6255244756512,5.917150231641925,0.0,750,0.9,0.5,1,5
021U,1244.0,1019.72,44.74239153196888,5.012695842146697,0.0,750,0.9,0.5,1,5
030C,7.0,11.15,4.815340071064556,-0.861829058540934,0.23,750,0.9,0.5,1,5
030T,880.0,441.61,70.78628327578727,6.193149007301433,0.0,750,0.9,0.5,1,5
