,N_real,mean(N_rand),sd(N_rand),Z-score,P-value,size,p2_value,p4_value,cascade_value,rep_num
021C,12861.0,7952.7,756.9246924232291,6.484528843003524,0.0,750,0.7,0.9,1,5
021D,107550.0,103000.53,729.344465324856,6.237752140853815,0.0,750,0.7,0.9,1,5
021U,1639.0,1602.61,54.36706631776263,0.6693390404276951,0.24,750,0.7,0.9,1,5
030C,5.0,14.05,5.584576975922169,-1.62053456134976,0.05,750,0.7,0.9,1,5
030T,1103.0,574.58,85.41055906619509,6.1868228680070185,0.0,750,0.7,0.9,1,5
