,N_real,mean(N_rand),sd(N_rand),Z-score,P-value,size,p2_value,p4_value,cascade_value,rep_num
021C,16575.0,9581.32,699.5490816232982,9.997411452204641,0.0,750,0.5,0.5,1,6
021D,78721.0,72900.75,637.5872077606325,9.128555167287923,0.0,750,0.5,0.5,1,6
021U,1914.0,1962.46,83.22120162554731,-0.582303536279675,0.26,750,0.5,0.5,1,6
030C,65.0,43.03,10.180820202714512,2.157979373227919,0.01,750,0.5,0.5,1,6
030T,2469.0,976.0,87.98147532293375,16.96948129728425,0.0,750,0.5,0.5,1,6
