,N_real,mean(N_rand),sd(N_rand),Z-score,P-value,size,p2_value,p4_value,cascade_value,rep_num
021C,14026.0,8237.79,759.406258796963,7.622020404690332,0.0,750,0.7,0.7,1,4
021D,102635.0,97387.62,729.6536271409881,7.191604077349531,0.0,750,0.7,0.7,1,4
021U,1690.0,1481.02,51.87368889909412,4.028631941069637,0.0,750,0.7,0.7,1,4
030C,19.0,24.94,7.107489008081546,-0.8357381901324004,0.27,750,0.7,0.7,1,4
030T,1081.0,598.52,72.62815982798959,6.643153305036112,0.0,750,0.7,0.7,1,4
