,N_real,mean(N_rand),sd(N_rand),Z-score,P-value,size,p2_value,p4_value,cascade_value,rep_num
021C,2113.0,4619.16,514.6093998364196,-4.87002375160003,0.0,500,0.9,0.5,10,1
021D,56619.0,59083.07,491.43203507707955,-5.0140605905219795,0.0,500,0.9,0.5,10,1
021U,653.0,693.66,35.28263595594864,-1.1524082285338635,0.13,500,0.9,0.5,10,1
030C,1.0,14.28,4.481249825662479,-2.963458971635613,0.0,500,0.9,0.5,10,1
030T,483.0,391.92,61.85316160068134,1.4725197167447088,0.1,500,0.9,0.5,10,1
