,N_real,mean(N_rand),sd(N_rand),Z-score,P-value,size,p2_value,p4_value,cascade_value,rep_num
021C,1390.0,4189.06,681.52053263273,-4.107080954974555,0.0,500,0.9,0.5,1,6
021D,55786.0,58497.64,656.1429649093252,-4.132696904514904,0.0,500,0.9,0.5,1,6
021U,730.0,781.37,34.03341152455922,-1.5093990786944864,0.06,500,0.9,0.5,1,6
030C,0.0,10.41,4.04992592524851,-2.5704173834639277,0.0,500,0.9,0.5,1,6
030T,343.0,349.78,52.87013902005554,-0.12823873978141187,0.5,500,0.9,0.5,1,6
