,N_real,mean(N_rand),sd(N_rand),Z-score,P-value,size,p2_value,p4_value,cascade_value,rep_num
021C,2971.0,5439.72,620.5080350809326,-3.978546385266399,0.0,500,0.9,0.7,1,1
021D,50142.0,52546.92,592.79957287434,-4.056885514169873,0.0,500,0.9,0.7,1,1
021U,782.0,847.79,38.107556993331386,-1.7264292227264229,0.05,500,0.9,0.7,1,1
030C,1.0,15.84,4.983412485436059,-2.9778791226633667,0.0,500,0.9,0.7,1,1
030T,387.0,344.19,44.11840772285419,0.9703432696149548,0.19,500,0.9,0.7,1,1
