,N_real,mean(N_rand),sd(N_rand),Z-score,P-value,size,p2_value,p4_value,cascade_value,rep_num
021C,3430.0,4690.85,428.6162240279759,-2.9416758613358147,0.01,500,0.5,0.5,1,0
021D,40134.0,41610.85,397.54283731442075,-3.7149455640473343,0.0,500,0.5,0.5,1,0
021U,682.0,852.44,46.70852598830325,-3.64901260302416,0.0,500,0.5,0.5,1,0
030C,12.0,33.37,8.985159987445966,-2.378366109213201,0.0,500,0.5,0.5,1,0
030T,769.0,509.62,53.107020251563725,4.884100044990993,0.0,500,0.5,0.5,1,0
