,N_real,mean(N_rand),sd(N_rand),Z-score,P-value,size,p2_value,p4_value,cascade_value,rep_num
021C,1491.0,3386.92,525.5925166894978,-3.6072050872064554,0.0,500,0.9,0.5,1,4
021D,59966.0,61838.58,514.3846650124788,-3.640427344299958,0.0,500,0.9,0.5,1,4
021U,636.0,628.67,29.243137656551152,0.25065709726801316,0.4,500,0.9,0.5,1,4
030C,0.0,8.4,3.736308338453881,-2.2482084558031947,0.0,500,0.9,0.5,1,4
030T,412.0,352.9,56.77420188782929,1.0409657561856331,0.19,500,0.9,0.5,1,4
