,N_real,mean(N_rand),sd(N_rand),Z-score,P-value,size,p2_value,p4_value,cascade_value,rep_num
021C,1491.0,3367.26,522.4380081885314,-3.5913543245171344,0.0,500,0.9,0.5,1,5
021D,59966.0,61819.32,508.67122741511537,-3.643453571018567,0.0,500,0.9,0.5,1,5
021U,636.0,626.49,31.59097814250138,0.3010353132182879,0.36,500,0.9,0.5,1,5
030C,0.0,8.02,4.004946940971878,-2.002523408725558,0.0,500,0.9,0.5,1,5
030T,412.0,350.57,50.797687939511576,1.2093070076958834,0.13,500,0.9,0.5,1,5
