,N_real,mean(N_rand),sd(N_rand),Z-score,P-value,size,p2_value,p4_value,cascade_value,rep_num
021C,2612.0,5139.36,546.0483773439859,-4.628454373023211,0.0,500,0.9,0.7,1,6
021D,50825.0,53310.6,527.2583617165308,-4.714197403921549,0.0,500,0.9,0.7,1,6
021U,695.0,737.39,27.476133279630155,-1.5427935062255085,0.06,500,0.9,0.7,1,6
030C,1.0,15.69,5.583359203920163,-2.6310325851300993,0.0,500,0.9,0.7,1,6
030T,391.0,327.11,48.54150698113935,1.3161931710283377,0.11,500,0.9,0.7,1,6
