,N_real,mean(N_rand),sd(N_rand),Z-score,P-value,size,p2_value,p4_value,cascade_value,rep_num
021C,4056.0,5084.63,468.68957007810616,-2.1946936003474136,0.02,500,0.5,0.7,10,0
021D,36357.0,37482.45,440.94277123000893,-2.5523720388034863,0.0,500,0.5,0.7,10,0
021U,893.0,1035.63,50.62561703327674,-2.8173483773293655,0.0,500,0.5,0.7,10,0
030C,8.0,28.51,7.473279066112813,-2.7444445495152867,0.0,500,0.5,0.7,10,0
030T,670.0,500.33,57.689523312296494,2.9410886112112307,0.0,500,0.5,0.7,10,0
