,N_real,mean(N_rand),sd(N_rand),Z-score,P-value,size,p2_value,p4_value,cascade_value,rep_num
021C,3906.0,5817.12,545.3055158349308,-3.504677551397654,0.0,500,0.7,0.5,10,1
021D,43591.0,45610.84,503.2139250855446,-4.013879384710252,0.0,500,0.7,0.5,10,1
021U,821.0,957.24,52.73445173698121,-2.583510314651829,0.01,500,0.7,0.5,10,1
030C,2.0,28.53,8.118441968752379,-3.2678684040747124,0.0,500,0.7,0.5,10,1
030T,542.0,387.0,55.43428541976527,2.796103509340706,0.01,500,0.7,0.5,10,1
