,N_real,mean(N_rand),sd(N_rand),Z-score,P-value,size,p2_value,p4_value,cascade_value,rep_num
021C,3678.0,5581.31,536.22877011589,-3.5494365578121743,0.0,500,0.7,0.5,10,0
021D,46901.0,48956.11,508.39270047867524,-4.042367244976215,0.0,500,0.7,0.5,10,0
021U,883.0,987.51,47.86115230539273,-2.1836081031468266,0.02,500,0.7,0.5,10,0
030C,6.0,24.1,7.192357054540604,-2.5165602684551507,0.0,500,0.7,0.5,10,0
030T,612.0,385.47,45.272829600103414,5.003663389298788,0.0,500,0.7,0.5,10,0
