,N_real,mean(N_rand),sd(N_rand),Z-score,P-value,size,p2_value,p4_value,cascade_value,rep_num
021C,2597.0,4477.78,493.78804319262326,-3.808881211136011,0.0,500,0.5,0.9,10,2
021D,38126.0,40038.78,469.811847019634,-4.071374555865684,0.0,500,0.5,0.9,10,2
021U,774.0,918.12,41.59766339591685,-3.4646176788417056,0.0,500,0.5,0.9,10,2
030C,1.0,23.28,7.300794477315466,-3.0517226678859277,0.0,500,0.5,0.9,10,2
030T,584.0,512.77,56.87404592606367,1.252416613592061,0.1,500,0.5,0.9,10,2
