,N_real,mean(N_rand),sd(N_rand),Z-score,P-value,size,p2_value,p4_value,cascade_value,rep_num
021C,3640.0,6104.27,705.1114217625467,-3.49486609341845,0.0,500,0.7,0.9,10,0
021D,51731.0,54304.52,673.7385320730883,-3.8197607491459564,0.0,500,0.7,0.9,10,0
021U,910.0,983.23,46.73839000222408,-1.5668062163997374,0.07,500,0.7,0.9,10,0
030C,1.0,22.11,7.0027066195864585,-3.0145486804995754,0.0,500,0.7,0.9,10,0
030T,532.0,381.75,46.77186654389581,3.2124011954705516,0.01,500,0.7,0.9,10,0
