,N_real,mean(N_rand),sd(N_rand),Z-score,P-value,size,p2_value,p4_value,cascade_value,rep_num
021C,2918.0,5580.35,796.1893540483948,-3.3438653587399947,0.0,500,0.7,0.9,1,4
021D,56475.0,59200.26,762.5072277690225,-3.574077596580545,0.0,500,0.7,0.9,1,4
021U,646.0,700.2,37.85736388075642,-1.431689754487921,0.09,500,0.7,0.9,1,4
030C,3.0,19.2,5.74978260458602,-2.817497828018558,0.0,500,0.7,0.9,1,4
030T,452.0,324.7,49.73539986769987,2.5595451195451964,0.03,500,0.7,0.9,1,4
