,N_real,mean(N_rand),sd(N_rand),Z-score,P-value,size,p2_value,p4_value,cascade_value,rep_num
021C,1666.0,4591.7,545.3472196683504,-5.364838940187953,0.0,500,0.9,0.9,1,4
021D,57125.0,60026.79,522.2416355481436,-5.556412592332454,0.0,500,0.9,0.9,1,4
021U,772.0,759.33,31.767296076310934,0.39883784787865706,0.35,500,0.9,0.9,1,4
030C,0.0,13.83,5.120654255073271,-2.700826752030363,0.0,500,0.9,0.9,1,4
030T,371.0,371.51,59.55694669809727,-0.008563232809520177,0.45,500,0.9,0.9,1,4
