,N_real,mean(N_rand),sd(N_rand),Z-score,P-value,size,p2_value,p4_value,cascade_value,rep_num
021C,3749.0,5285.48,525.3312760535013,-2.9247830274691657,0.0,500,0.7,0.5,3,1
021D,39969.0,41504.93,487.4353958218463,-3.1510432216567428,0.0,500,0.7,0.5,3,1
021U,772.0,886.48,46.307986352248136,-2.4721437708215594,0.0,500,0.7,0.5,3,1
030C,4.0,29.06,8.36997013136845,-2.9940369686722894,0.0,500,0.7,0.5,3,1
030T,478.0,426.61,54.47951816967547,0.9432902809446068,0.14,500,0.7,0.5,3,1
