,N_real,mean(N_rand),sd(N_rand),Z-score,P-value,size,p2_value,p4_value,cascade_value,rep_num
021C,4192.0,5342.93,424.00370882811865,-2.7144338033763775,0.0,500,0.5,0.9,3,0
021D,33756.0,34986.46,388.4792251845651,-3.1673765808594063,0.0,500,0.5,0.9,3,0
021U,855.0,1111.99,61.09901717703813,-4.206123304002678,0.0,500,0.5,0.9,3,0
030C,8.0,31.03,9.069128954866613,-2.539383893934136,0.0,500,0.5,0.9,3,0
030T,796.0,551.91,59.02746733513136,4.135193512778839,0.0,500,0.5,0.9,3,0
