,N_real,mean(N_rand),sd(N_rand),Z-score,P-value,size,p2_value,p4_value,cascade_value,rep_num
021C,2382.0,5316.35,591.1034490679276,-4.964190286196072,0.0,500,0.9,0.7,1,4
021D,49178.0,52027.54,568.2769469193696,-5.014350864393431,0.0,500,0.9,0.7,1,4
021U,695.0,757.98,33.98763892946964,-1.8530266292017123,0.03,500,0.9,0.7,1,4
030C,0.0,14.44,5.564746175702895,-2.594907214824772,0.0,500,0.9,0.7,1,4
030T,350.0,301.71,44.402543846045575,1.0875503026906117,0.15,500,0.9,0.7,1,4
