,N_real,mean(N_rand),sd(N_rand),Z-score,P-value,size,p2_value,p4_value,cascade_value,rep_num
021C,2747.0,5756.24,627.398248642758,-4.7963793435985,0.0,500,0.7,0.5,1,2
021D,46780.0,49726.2,582.1678623902216,-5.060739677219055,0.0,500,0.7,0.5,1,2
021U,898.0,1053.39,53.199980263154224,-2.9208657452758806,0.0,500,0.7,0.5,1,2
030C,6.0,23.85,6.478232783715017,-2.755381073195044,0.0,500,0.7,0.5,1,2
030T,486.0,439.05,59.22370724633844,0.792756856721473,0.18,500,0.7,0.5,1,2
