,N_real,mean(N_rand),sd(N_rand),Z-score,P-value,size,p2_value,p4_value,cascade_value,rep_num
021C,1669.0,4136.27,544.6410534471304,-4.530084510494037,0.0,500,0.7,0.7,1,2
021D,54232.0,56721.99,528.6060630564126,-4.710483238884581,0.0,500,0.7,0.7,1,2
021U,488.0,569.06,30.134306031498387,-2.6899574164830815,0.0,500,0.7,0.7,1,2
030C,0.0,15.31,5.885057348913432,-2.6015039603355286,0.0,500,0.7,0.7,1,2
030T,371.0,351.19,45.28017115692033,0.4374983462705478,0.34,500,0.7,0.7,1,2
