,N_real,mean(N_rand),sd(N_rand),Z-score,P-value,size,p2_value,p4_value,cascade_value,rep_num
021C,3236.0,4458.76,459.7863660440575,-2.659409000141673,0.0,500,0.5,0.7,1,2
021D,40574.0,41905.49,430.01429034393726,-3.0963854688062473,0.0,500,0.5,0.7,1,2
021U,608.0,853.56,53.12726606931699,-4.622108724352751,0.0,500,0.5,0.7,1,2
030C,7.0,30.31,8.548327321763011,-2.726849256304862,0.0,500,0.5,0.7,1,2
030T,819.0,592.23,58.267118514647684,3.8919034574018383,0.0,500,0.5,0.7,1,2
