,N_real,mean(N_rand),sd(N_rand),Z-score,P-value,size,p2_value,p4_value,cascade_value,rep_num
021C,5408.0,5567.17,419.06639223397525,-0.37982048417552766,0.39,500,0.5,0.9,1,2
021D,31808.0,32225.44,376.7047469836291,-1.1081357570950383,0.11,500,0.5,0.9,1,2
021U,739.0,910.33,56.841016000771845,-3.0141966497867236,0.0,500,0.5,0.9,1,2
030C,34.0,49.68,11.659228104810369,-1.3448574690404023,0.07,500,0.5,0.9,1,2
030T,794.0,441.83,54.377762918310644,6.476360576455669,0.0,500,0.5,0.9,1,2
