,N_real,mean(N_rand),sd(N_rand),Z-score,P-value,size,p2_value,p4_value,cascade_value,rep_num
021C,3473.0,6308.87,724.1840326187812,-3.9159521230328402,0.0,500,0.7,0.7,10,2
021D,53365.0,56231.05,684.8987717173977,-4.1846329973892695,0.0,500,0.7,0.7,10,2
021U,913.0,1049.52,45.026543282823745,-3.0319893566441776,0.0,500,0.7,0.7,10,2
030C,2.0,21.46,6.627850330235286,-2.9360952692649565,0.0,500,0.7,0.7,10,2
030T,521.0,382.37,50.85796987690327,2.7258264601505,0.0,500,0.7,0.7,10,2
