,N_real,mean(N_rand),sd(N_rand),Z-score,P-value,size,p2_value,p4_value,cascade_value,rep_num
021C,3513.0,4158.18,379.22020990448283,-1.7013333760943459,0.03,500,0.7,0.7,3,0
021D,45637.0,46357.43,354.95777932030165,-2.029621667623487,0.0,500,0.7,0.7,3,0
021U,658.0,787.01,44.16955852167871,-2.92078989054602,0.01,500,0.7,0.7,3,0
030C,1.0,22.99,7.0689391000347435,-3.1107921130473337,0.0,500,0.7,0.7,3,0
030T,656.0,460.08,44.10638955979054,4.441986795006452,0.0,500,0.7,0.7,3,0
