,N_real,mean(N_rand),sd(N_rand),Z-score,P-value,size,p2_value,p4_value,cascade_value,rep_num
021C,2077.0,5207.04,721.6898907425543,-4.337098302401699,0.0,500,0.9,0.9,10,0
021D,62668.0,65748.9,693.4859118972786,-4.442628101227163,0.0,500,0.9,0.9,10,0
021U,508.0,550.18,34.876461976525086,-1.2094116664812729,0.08,500,0.9,0.9,10,0
030C,0.0,11.03,3.9024479496849156,-2.8264310356504727,0.0,500,0.9,0.9,10,0
030T,293.0,282.88,42.12464361867053,0.24023942117137834,0.35,500,0.9,0.9,10,0
