,N_real,mean(N_rand),sd(N_rand),Z-score,P-value,size,p2_value,p4_value,cascade_value,rep_num
021C,4413.0,5386.06,535.7625559891247,-1.816215017496953,0.04,500,0.7,0.7,1,2
021D,46017.0,47107.24,507.2619465325583,-2.1492643149214063,0.01,500,0.7,0.7,1,2
021U,750.0,845.0,43.03254582290013,-2.2076314143943803,0.0,500,0.7,0.7,1,2
030C,3.0,20.88,5.8090963152628134,-3.0779314078546274,0.0,500,0.7,0.7,1,2
030T,668.0,387.35,47.99403608783075,5.847601553793075,0.0,500,0.7,0.7,1,2
