,N_real,mean(N_rand),sd(N_rand),Z-score,P-value,size,p2_value,p4_value,cascade_value,rep_num
021C,4413.0,5995.72,638.0110983360713,-2.480709197892832,0.01,500,0.7,0.5,3,2
021D,44626.0,46248.26,607.0598095739826,-2.6723231787300463,0.01,500,0.7,0.5,3,2
021U,765.0,896.34,50.65179562463704,-2.5929979062009054,0.0,500,0.7,0.5,3,2
030C,10.0,20.44,7.329829465956217,-1.424316902390313,0.07,500,0.7,0.5,3,2
030T,514.0,334.51,47.99176908595889,3.7400163281856176,0.0,500,0.7,0.5,3,2
