,N_real,mean(N_rand),sd(N_rand),Z-score,P-value,size,p2_value,p4_value,cascade_value,rep_num
021C,2314.0,5203.4,594.4766101370179,-4.86040989793364,0.0,500,0.5,0.7,1,2
021D,44127.0,46984.63,557.4579204747207,-5.126180640803333,0.0,500,0.5,0.7,1,2
021U,716.0,916.02,46.7045993452465,-4.282661725056798,0.0,500,0.5,0.7,1,2
030C,2.0,21.79,7.1962420748610185,-2.7500464539865,0.0,500,0.5,0.7,1,2
030T,512.0,472.73,68.63539247356279,0.572153790992397,0.28,500,0.5,0.7,1,2
