,N_real,mean(N_rand),sd(N_rand),Z-score,P-value,size,p2_value,p4_value,cascade_value,rep_num
021C,3414.0,5514.46,563.4403858439684,-3.7279187874574418,0.0,500,0.5,0.9,1,2
021D,41501.0,43554.87,519.6610752211484,-3.9523260408256515,0.0,500,0.5,0.9,1,2
021U,805.0,1015.02,50.800783458525515,-4.134188209350419,0.0,500,0.5,0.9,1,2
030C,9.0,24.39,7.022670432250115,-2.191474048009531,0.01,500,0.5,0.9,1,2
030T,700.0,470.46,63.21145782213855,3.6313036893701924,0.0,500,0.5,0.9,1,2
