,N_real,mean(N_rand),sd(N_rand),Z-score,P-value,size,p2_value,p4_value,cascade_value,rep_num
021C,3850.0,4858.76,525.3128043366162,-1.920303468090595,0.03,500,0.5,0.5,1,4
021D,44023.0,45261.46,487.19742240697457,-2.5420085227082057,0.0,500,0.5,0.5,1,4
021U,708.0,997.28,50.305482802573316,-5.750466626774968,0.0,500,0.5,0.5,1,4
030C,4.0,31.03,8.877448957893252,-3.0447936257596475,0.0,500,0.5,0.5,1,4
030T,845.0,510.9,52.076386203345564,6.415575740901474,0.0,500,0.5,0.5,1,4
