,N_real,mean(N_rand),sd(N_rand),Z-score,P-value,size,p2_value,p4_value,cascade_value,rep_num
021C,4267.0,5412.33,519.1022453235971,-2.2063668772729463,0.01,500,0.7,0.7,10,0
021D,40728.0,41952.09,486.5550759163858,-2.5158302946373037,0.0,500,0.7,0.7,10,0
021U,683.0,849.81,46.43246601247881,-3.5925294158438503,0.0,500,0.7,0.7,10,0
030C,5.0,27.92,7.330320593261935,-3.126739098023649,0.0,500,0.7,0.7,10,0
030T,611.0,439.91,51.32856806886395,3.3332315012267726,0.0,500,0.7,0.7,10,0
