,N_real,mean(N_rand),sd(N_rand),Z-score,P-value,size,p2_value,p4_value,cascade_value,rep_num
021C,4345.0,4950.48,450.33084460205475,-1.3445226043422496,0.08,500,0.5,0.9,1,1
021D,41106.0,41893.89,420.32646585719544,-1.8744715453337228,0.04,500,0.5,0.9,1,1
021U,752.0,892.99,53.47550747772292,-2.6365341190774916,0.0,500,0.5,0.9,1,1
030C,8.0,27.36,7.056231288726298,-2.743674237397995,0.0,500,0.5,0.9,1,1
030T,797.0,480.21,50.22395743069238,6.307547557102826,0.0,500,0.5,0.9,1,1
