,N_real,mean(N_rand),sd(N_rand),Z-score,P-value,size,p2_value,p4_value,cascade_value,rep_num
021C,3563.0,5383.79,445.45961197397014,-4.08744126528444,0.0,500,0.7,0.5,1,1
021D,34104.0,36070.18,414.9836955833325,-4.737969276687338,0.0,500,0.7,0.5,1,1
021U,778.0,838.2,39.55527777680243,-1.5219208000431466,0.06,500,0.7,0.5,1,1
030C,5.0,26.65,7.45570251552461,-2.903817575194204,0.0,500,0.7,0.5,1,1
030T,565.0,387.51,43.03521697400863,4.1242966221640325,0.0,500,0.7,0.5,1,1
