,N_real,mean(N_rand),sd(N_rand),Z-score,P-value,size,p2_value,p4_value,cascade_value,rep_num
021C,3591.0,5989.38,718.7018961989734,-3.337099863913544,0.0,500,0.7,0.9,1,5
021D,56496.0,58923.68,686.9487154074894,-3.5340047161452666,0.0,500,0.7,0.9,1,5
021U,728.0,826.4,43.24650274877727,-2.275328494690408,0.01,500,0.7,0.9,1,5
030C,3.0,19.47,5.95223487439802,-2.767027905911676,0.0,500,0.7,0.9,1,5
030T,485.0,341.83,43.43018650662233,3.296555035013933,0.01,500,0.7,0.9,1,5
