,N_real,mean(N_rand),sd(N_rand),Z-score,P-value,size,p2_value,p4_value,cascade_value,rep_num
021C,5408.0,5539.51,406.75131210605826,-0.32331794904132893,0.31,500,0.5,0.9,1,4
021D,31808.0,32191.1,372.9220696070427,-1.0272923788170558,0.14,500,0.5,0.9,1,4
021U,739.0,904.09,51.22013178428966,-3.2231467247149244,0.0,500,0.5,0.9,1,4
030C,34.0,48.1,9.372833082905082,-1.5043477116557962,0.08,500,0.5,0.9,1,4
030T,794.0,448.0,47.430159181685234,7.2949365123279,0.0,500,0.5,0.9,1,4
