,N_real,mean(N_rand),sd(N_rand),Z-score,P-value,size,p2_value,p4_value,cascade_value,rep_num
021C,3610.0,5276.69,519.7633633683698,-3.2066323205215466,0.0,500,0.5,0.7,10,1
021D,38119.0,39842.94,485.10241846438987,-3.5537650079280163,0.0,500,0.5,0.7,10,1
021U,723.0,919.96,55.23855899641119,-3.565625236762537,0.0,500,0.5,0.7,10,1
030C,0.0,26.38,7.344086056140682,-3.592005839575182,0.0,500,0.5,0.7,10,1
030T,539.0,489.24,54.80859786566337,0.907886753862276,0.21,500,0.5,0.7,10,1
