,N_real,mean(N_rand),sd(N_rand),Z-score,P-value,size,p2_value,p4_value,cascade_value
021C,4053.0,5444.35,560.7131062316985,-2.481393754732505,0.01,500,0.5,0.8,3
021D,51603.0,53074.96,531.3080823778234,-2.770445338253409,0.0,500,0.5,0.8,3
021U,719.0,841.9,44.952308060877144,-2.734008670557279,0.0,500,0.5,0.8,3
030C,13.0,23.54,6.263257938166047,-1.6828302624697955,0.06,500,0.5,0.8,3
030T,642.0,413.73,49.78711781173921,4.5849209601399465,0.0,500,0.5,0.8,3
