,N_real,mean(N_rand),sd(N_rand),Z-score,P-value,size,p2_value,p4_value,cascade_value,rep_num
021C,2692.0,5284.79,483.4388957251992,-5.363221749277322,0.0,500,0.7,0.5,1,6
021D,46295.0,48843.94,461.68605826903627,-5.52093777654137,0.0,500,0.7,0.5,1,6
021U,947.0,1094.57,40.054276925192404,-3.6842507549346073,0.0,500,0.7,0.5,1,6
030C,3.0,21.5,7.269800547470337,-2.544774080003807,0.0,500,0.7,0.5,1,6
030T,525.0,442.33,56.86757511974641,1.4537282419009652,0.1,500,0.7,0.5,1,6
