,N_real,mean(N_rand),sd(N_rand),Z-score,P-value,size,p2_value,p4_value,cascade_value,rep_num
021C,2666.0,5227.35,718.1271109629547,-3.5667084014770336,0.0,500,0.9,0.7,1,0
021D,50173.0,52680.67,688.0043467159201,-3.644846158269151,0.0,500,0.9,0.7,1,0
021U,690.0,725.92,37.206633817103096,-0.965419236165576,0.16,500,0.9,0.7,1,0
030C,0.0,15.69,4.943065850259331,-3.1741434314853088,0.0,500,0.9,0.7,1,0
030T,341.0,321.62,50.92067949271691,0.3805919361852169,0.34,500,0.9,0.7,1,0
