,N_real,mean(N_rand),sd(N_rand),Z-score,P-value,size,p2_value,p4_value,cascade_value,rep_num
021C,2072.0,4399.62,619.1417895765072,-3.7594296479197298,0.0,500,0.7,0.7,1,1
021D,55350.0,57698.6,597.8539955540986,-3.928383882127085,0.0,500,0.7,0.7,1,1
021U,849.0,930.34,41.591879015019266,-1.9556702396308496,0.03,500,0.7,0.7,1,1
030C,0.0,15.77,5.712888936431375,-2.7604247475272854,0.0,500,0.7,0.7,1,1
030T,435.0,440.38,53.40052059671329,-0.10074808147715184,0.46,500,0.7,0.7,1,1
