,N_real,mean(N_rand),sd(N_rand),Z-score,P-value,size,p2_value,p4_value,cascade_value,rep_num
021C,3233.0,6067.12,550.9103970701588,-5.144430047195267,0.0,500,0.7,0.5,1,1
021D,44851.0,47661.92,519.8724589743142,-5.40694155167562,0.0,500,0.7,0.5,1,1
021U,1000.0,1100.04,53.422826581902235,-1.8726077671429309,0.04,500,0.7,0.5,1,1
030C,4.0,22.3,7.362744053679986,-2.4854863711924695,0.0,500,0.7,0.5,1,1
030T,441.0,406.33,56.392385124234636,0.6147993195113249,0.28,500,0.7,0.5,1,1
