,N_real,mean(N_rand),sd(N_rand),Z-score,P-value,size,p2_value,p4_value,cascade_value,rep_num
021C,3070.0,4691.72,545.2362071616301,-2.974343924154063,0.01,500,0.7,0.7,1,1
021D,45306.0,46936.56,523.4858607450634,-3.114811921909916,0.0,500,0.7,0.7,1,1
021U,760.0,844.37,40.0331500134576,-2.107503405843359,0.01,500,0.7,0.7,1,1
030C,5.0,18.41,6.431321792602202,-2.0851079190945176,0.0,500,0.7,0.7,1,1
030T,572.0,397.79,56.43036328077287,3.087167791800436,0.01,500,0.7,0.7,1,1
