,N_real,mean(N_rand),sd(N_rand),Z-score,P-value,size,p2_value,p4_value,cascade_value,rep_num
021C,3513.0,6033.59,702.678163813278,-3.5871187263331468,0.0,500,0.7,0.5,1,0
021D,46365.0,48910.2,664.42832570564,-3.830661489780601,0.0,500,0.7,0.5,1,0
021U,933.0,1039.06,48.81184692264778,-2.1728331683100093,0.0,500,0.7,0.5,1,0
030C,0.0,23.76,6.735161467997631,-3.5277550676248106,0.0,500,0.7,0.5,1,0
030T,497.0,422.44,58.09773145312991,1.2833547564615488,0.09,500,0.7,0.5,1,0
