,N_real,mean(N_rand),sd(N_rand),Z-score,P-value,size,p2_value,p4_value,cascade_value,rep_num
021C,4369.0,6330.41,653.8988162552369,-2.9995619371704154,0.0,500,0.9,0.7,1,3
021D,49101.0,51047.13,618.9992512919544,-3.143994109747468,0.0,500,0.9,0.7,1,3
021U,868.0,891.27,46.09769083153732,-0.5047975197942024,0.36,500,0.9,0.7,1,3
030C,0.0,18.6,5.7096409694480785,-3.257647915083874,0.0,500,0.9,0.7,1,3
030T,382.0,322.41,44.20680829917492,1.3479824102368452,0.09,500,0.9,0.7,1,3
