,N_real,mean(N_rand),sd(N_rand),Z-score,P-value,size,p2_value,p4_value,cascade_value,rep_num
021C,2127.0,4241.26,524.8465608156349,-4.028339247787669,0.0,500,0.5,0.7,1,6
021D,44990.0,47104.71,498.136653841092,-4.245240705926053,0.0,500,0.5,0.7,1,6
021U,634.0,752.34,43.594774916267205,-2.714545498337737,0.0,500,0.5,0.7,1,6
030C,0.0,20.94,7.410560032818032,-2.825697370679972,0.0,500,0.5,0.7,1,6
030T,432.0,472.38,63.84837977584083,-0.6324357821101534,0.3,500,0.5,0.7,1,6
