,N_real,mean(N_rand),sd(N_rand),Z-score,P-value,size,p2_value,p4_value,cascade_value,rep_num
021C,3851.0,5292.22,608.9121706781693,-2.3668766521694864,0.01,500,0.7,0.9,1,6
021D,50775.0,52217.34,578.0826795537123,-2.495041022701982,0.0,500,0.7,0.9,1,6
021U,802.0,912.82,50.19111076674833,-2.2079606987582037,0.0,500,0.7,0.9,1,6
030C,0.0,17.16,5.925740460060667,-2.895840632180559,0.0,500,0.7,0.9,1,6
030T,537.0,380.29,52.79910889399555,2.9680425159187003,0.01,500,0.7,0.9,1,6
