,N_real,mean(N_rand),sd(N_rand),Z-score,P-value,size,p2_value,p4_value,cascade_value,rep_num
021C,3536.0,5314.41,462.27042074958683,-3.847120473588271,0.0,500,0.7,0.5,3,0
021D,38756.0,40494.58,433.83840724398755,-4.007436803589031,0.0,500,0.7,0.5,3,0
021U,673.0,829.29,42.3363425439657,-3.6916273491904734,0.0,500,0.7,0.5,3,0
030C,3.0,27.23,7.380860383451241,-3.2828151111388744,0.0,500,0.7,0.5,3,0
030T,439.0,377.65,44.90041759271288,1.3663570026564036,0.11,500,0.7,0.5,3,0
