,N_real,mean(N_rand),sd(N_rand),Z-score,P-value,size,p2_value,p4_value,cascade_value,rep_num
021C,7765.0,8225.22,550.0512445218172,-0.8366856808043185,0.2,500,0.5,0.5,1,1
021D,32113.0,33306.2,479.9415797782059,-2.4861359179411116,0.0,500,0.5,0.5,1,1
021U,1762.0,1965.09,91.86120998549931,-2.2108352375508504,0.01,500,0.5,0.5,1,1
030C,24.0,58.63,12.879173110102993,-2.6888372183486453,0.0,500,0.5,0.5,1,1
030T,1433.0,706.05,71.00822135499523,10.237546950594913,0.0,500,0.5,0.5,1,1
