,N_real,mean(N_rand),sd(N_rand),Z-score,P-value,size,p2_value,p4_value,cascade_value
021C,4133.0,4820.9,483.3288011281761,-1.4232547251360101,0.07,500,0.5,0.8,3
021D,46393.0,47345.03,451.4943954247937,-2.108619751756321,0.02,500,0.5,0.8,3
021U,664.0,902.02,46.621878984013506,-5.105328339117698,0.0,500,0.5,0.8,3
030C,2.0,29.04,8.306527553677288,-3.2552712099328955,0.0,500,0.5,0.8,3
030T,966.0,599.05,59.91950850933275,6.124048897077415,0.0,500,0.5,0.8,3
