,N_real,mean(N_rand),sd(N_rand),Z-score,P-value,size,p2_value,p4_value,cascade_value
021C,5409.0,5506.47,400.65183027162124,-0.24327855917673116,0.37,500,0.5,0.8,3
021D,30197.0,30505.83,367.84461542885197,-0.839566455634948,0.18,500,0.5,0.8,3
021U,609.0,902.25,52.830933173662565,-5.550725349409347,0.0,500,0.5,0.8,3
030C,8.0,41.64,11.621979177403476,-2.8945155972578225,0.0,500,0.5,0.8,3
030T,916.0,599.28,53.50496799363588,5.919450321653723,0.0,500,0.5,0.8,3
