,N_real,mean(N_rand),sd(N_rand),Z-score,P-value,size,p2_value,p4_value,cascade_value,rep_num
021C,1773.0,3640.26,557.6345688710484,-3.3485370244895982,0.0,500,0.9,0.5,1,1
021D,60641.0,62464.85,540.1567989945141,-3.376519565050447,0.0,500,0.9,0.5,1,1
021U,618.0,627.84,32.10256064553107,-0.3065176048929865,0.38,500,0.9,0.5,1,1
030C,1.0,10.61,4.655953178458735,-2.064024192610375,0.0,500,0.9,0.5,1,1
030T,412.0,356.53,49.977485931167045,1.1098997671951267,0.15,500,0.9,0.5,1,1
