,N_real,mean(N_rand),sd(N_rand),Z-score,P-value,size,p2_value,p4_value,cascade_value,rep_num
021C,4039.0,4675.72,426.670272693095,-1.4922998876417963,0.05,500,0.7,0.7,3,1
021D,45833.0,46533.25,393.213386725325,-1.7808396754537559,0.03,500,0.7,0.7,3,1
021U,815.0,984.76,50.05679174697475,-3.3913479884627176,0.0,500,0.7,0.7,3,1
030C,7.0,29.54,7.733589076231035,-2.9145587873651118,0.0,500,0.7,0.7,3,1
030T,738.0,536.55,47.55110408812818,4.236494690567973,0.0,500,0.7,0.7,3,1
