,N_real,mean(N_rand),sd(N_rand),Z-score,P-value,size,p2_value,p4_value,cascade_value,rep_num
021C,3510.0,4673.18,606.2912399169231,-1.918516916324545,0.02,500,0.5,0.5,1,5
021D,44214.0,45628.46,576.986211620347,-2.451462394617333,0.0,500,0.5,0.5,1,5
021U,562.0,865.46,46.26152180808582,-6.5596631528658405,0.0,500,0.5,0.5,1,5
030C,3.0,31.18,9.956284447523585,-2.8303731325202524,0.0,500,0.5,0.5,1,5
030T,868.0,496.11,58.09662554744466,6.4012323692758315,0.0,500,0.5,0.5,1,5
