,N_real,mean(N_rand),sd(N_rand),Z-score,P-value,size,p2_value,p4_value,cascade_value,rep_num
021C,3500.0,6193.56,782.1379075329364,-3.4438427981277364,0.0,500,0.7,0.9,1,0
021D,54981.0,57744.81,737.4293280715109,-3.7478981304252956,0.0,500,0.7,0.9,1,0
021U,859.0,903.33,49.669720152221515,-0.8924954653286354,0.19,500,0.7,0.9,1,0
030C,4.0,19.66,5.9350147430313935,-2.6385781127818113,0.0,500,0.7,0.9,1,0
030T,480.0,351.93,38.51032458964738,3.325601676035436,0.0,500,0.7,0.9,1,0
