,N_real,mean(N_rand),sd(N_rand),Z-score,P-value,size,p2_value,p4_value,cascade_value,rep_num
021C,2576.0,5344.74,552.8902715729406,-5.007756769029586,0.0,500,0.9,0.7,1,2
021D,50636.0,53338.73,532.4636298377571,-5.075895983399901,0.0,500,0.9,0.7,1,2
021U,780.0,818.6,30.840233462151353,-1.2516117962392157,0.1,500,0.9,0.7,1,2
030C,1.0,14.99,4.417001245188867,-3.1673072347983453,0.0,500,0.9,0.7,1,2
030T,351.0,321.43,49.8969447962498,0.5926214544947939,0.25,500,0.9,0.7,1,2
