,N_real,mean(N_rand),sd(N_rand),Z-score,P-value,size,p2_value,p4_value,cascade_value,rep_num
021C,3607.0,5697.29,520.3931839484449,-4.016751303581802,0.0,500,0.9,0.7,1,0
021D,43382.0,45467.73,487.4824890188364,-4.27857419904043,0.0,500,0.9,0.7,1,0
021U,673.0,700.12,34.54772930309603,-0.7850009406427073,0.26,500,0.9,0.7,1,0
030C,0.0,15.61,4.668822121263563,-3.343455714216701,0.0,500,0.9,0.7,1,0
030T,380.0,273.18,43.432103333824394,2.4594710318072455,0.0,500,0.9,0.7,1,0
