,N_real,mean(N_rand),sd(N_rand),Z-score,P-value,size,p2_value,p4_value,cascade_value,rep_num
021C,1704.0,4668.94,652.218672225811,-4.545929342810165,0.0,500,0.9,0.9,1,1
021D,60081.0,63002.25,626.9670864566975,-4.659335494801545,0.0,500,0.9,0.9,1,1
021U,866.0,898.5,32.69785925714404,-0.993948862046655,0.17,500,0.9,0.9,1,1
030C,0.0,13.42,4.268910868125499,-3.1436589834195328,0.0,500,0.9,0.9,1,1
030T,433.0,389.36,46.05746844975308,0.947511912158384,0.18,500,0.9,0.9,1,1
