,N_real,mean(N_rand),sd(N_rand),Z-score,P-value,size,p2_value,p4_value,cascade_value,rep_num
021C,3802.0,5937.75,683.615891784268,-3.124195949315334,0.0,500,0.9,0.7,1,5
021D,49506.0,51627.1,645.5428335904597,-3.2857618265276107,0.0,500,0.9,0.7,1,5
021U,851.0,910.16,45.16563295250051,-1.3098454761437077,0.07,500,0.9,0.7,1,5
030C,0.0,16.02,6.175726677889817,-2.5940267171075435,0.0,500,0.9,0.7,1,5
030T,401.0,327.86,52.7131900002267,1.3875085154149356,0.06,500,0.9,0.7,1,5
