,N_real,mean(N_rand),sd(N_rand),Z-score,P-value,size,p2_value,p4_value,cascade_value,rep_num
021C,6997.0,8395.58,651.267889274452,-2.147472680647735,0.02,750,0.5,0.9,1,2
021D,79961.0,81697.99,590.2903437292533,-2.9426027690480145,0.0,750,0.5,0.9,1,2
021U,929.0,1279.91,70.92913294267737,-4.947332435088332,0.0,750,0.5,0.9,1,2
030C,6.0,41.44,9.994318385963096,-3.5460147086943983,0.0,750,0.5,0.9,1,2
030T,1415.0,952.42,86.29764539082164,5.360285299848965,0.0,750,0.5,0.9,1,2
