,N_real,mean(N_rand),sd(N_rand),Z-score,P-value,size,p2_value,p4_value,cascade_value,rep_num
021C,7086.0,8013.11,605.3783262555738,-1.5314555539746888,0.07,750,0.5,0.7,1,4
021D,69267.0,70536.69,580.9712504935162,-2.1854609826586806,0.01,750,0.5,0.7,1,4
021U,972.0,1271.88,58.87805703315964,-5.093238722723308,0.0,750,0.5,0.7,1,4
030C,7.0,47.63,12.13890851765512,-3.347088409217909,0.0,750,0.5,0.7,1,4
030T,1259.0,938.64,88.56461144272016,3.617246152626044,0.0,750,0.5,0.7,1,4
