,N_real,mean(N_rand),sd(N_rand),Z-score,P-value,size,p2_value,p4_value,cascade_value,rep_num
021C,6693.0,9224.08,759.0723770497779,-3.3344382914279316,0.0,750,0.5,0.9,1,8
021D,81025.0,83822.68,710.6198967099077,-3.9369570328004393,0.0,750,0.5,0.9,1,8
021U,1226.0,1576.9,66.34116369193413,-5.289325367119888,0.0,750,0.5,0.9,1,8
030C,3.0,47.13,11.922797490522097,-3.7013125514444645,0.0,750,0.5,0.9,1,8
030T,1217.0,899.46,78.7414020703213,4.032694258052652,0.0,750,0.5,0.9,1,8
