,N_real,mean(N_rand),sd(N_rand),Z-score,P-value,size,p2_value,p4_value,cascade_value,rep_num
021C,6164.0,8144.89,696.1955600978794,-2.8453068556218652,0.0,750,0.5,0.9,1,6
021D,80239.0,82381.3,657.5030113999479,-3.2582360276018236,0.0,750,0.5,0.9,1,6
021U,903.0,1301.03,74.48509313950007,-5.34375380661129,0.0,750,0.5,0.9,1,6
030C,4.0,35.56,10.421439439923834,-3.0283724414398807,0.0,750,0.5,0.9,1,6
030T,1270.0,953.83,83.78568553159901,3.773556282245364,0.0,750,0.5,0.9,1,6
