,N_real,mean(N_rand),sd(N_rand),Z-score,P-value,size,p2_value,p4_value,cascade_value,rep_num
021C,5665.0,8790.24,868.2565763643832,-3.5994429355043813,0.0,750,0.9,0.7,1,9
021D,113619.0,116767.16,838.7244687023266,-3.7535091886264302,0.0,750,0.9,0.7,1,9
021U,1117.0,1146.85,46.64919613455305,-0.6398824089894664,0.27,750,0.9,0.7,1,9
030C,0.0,17.39,5.418293089156399,-3.209497846250236,0.0,750,0.9,0.7,1,9
030T,610.0,471.82,71.97907751562255,1.9197245195315127,0.03,750,0.9,0.7,1,9
