,N_real,mean(N_rand),sd(N_rand),Z-score,P-value,size,p2_value,p4_value,cascade_value,rep_num
021C,4498.0,8827.0,817.3854782169793,-5.296154770749235,0.0,750,0.7,0.5,1,4
021D,104157.0,108400.65,779.9959022328259,-5.440605505557234,0.0,750,0.7,0.5,1,4
021U,840.0,1094.0,57.7484198918031,-4.398388743378469,0.0,750,0.7,0.5,1,4
030C,5.0,35.78,8.227490504400476,-3.741116441706898,0.0,750,0.7,0.5,1,4
030T,744.0,579.53,69.040054316317,2.3822403042508764,0.02,750,0.7,0.5,1,4
