,N_real,mean(N_rand),sd(N_rand),Z-score,P-value,size,p2_value,p4_value,cascade_value,rep_num
021C,7650.0,9406.19,661.8578502216318,-2.653424748851913,0.0,750,0.7,0.7,1,2
021D,73633.0,75412.42,622.9243161091081,-2.856558901271603,0.0,750,0.7,0.7,1,2
021U,1177.0,1463.54,68.76720439279178,-4.166811818658652,0.0,750,0.7,0.7,1,2
030C,6.0,38.3,10.632497354808041,-3.0378563870880115,0.0,750,0.7,0.7,1,2
030T,1026.0,738.39,68.99418743633409,4.168612033664409,0.0,750,0.7,0.7,1,2
