,N_real,mean(N_rand),sd(N_rand),Z-score,P-value,size,p2_value,p4_value,cascade_value,rep_num
021C,3459.0,5395.5,700.9975820215074,-2.7624916970692004,0.0,750,0.9,0.9,1,5
021D,121502.0,123424.53,684.6099978089716,-2.8082119836883352,0.0,750,0.9,0.9,1,5
021U,898.0,924.41,47.77762970261291,-0.5527691550289618,0.34,750,0.9,0.9,1,5
030C,2.0,12.66,4.486022737347638,-2.3762697213395594,0.01,750,0.9,0.9,1,5
030T,662.0,556.68,82.32337213695756,1.279345066487122,0.1,750,0.9,0.9,1,5
