,N_real,mean(N_rand),sd(N_rand),Z-score,P-value,size,p2_value,p4_value,cascade_value,rep_num
021C,4365.0,8047.42,925.5766546321271,-3.9785143473217652,0.0,750,0.9,0.7,1,7
021D,114892.0,118553.6,897.4166925124582,-4.080155885833575,0.0,750,0.9,0.7,1,7
021U,1286.0,1332.59,53.98501551356635,-0.8630172568588393,0.22,750,0.9,0.7,1,7
030C,2.0,18.18,6.057028974670668,-2.6712766387054865,0.0,750,0.9,0.7,1,7
030T,664.0,577.34,83.74822027959759,1.03476825788872,0.17,750,0.9,0.7,1,7
