,N_real,mean(N_rand),sd(N_rand),Z-score,P-value,size,p2_value,p4_value,cascade_value,rep_num
021C,5458.0,8300.88,786.1122092933043,-3.616379400283935,0.0,750,0.7,0.9,1,5
021D,101676.0,104545.34,751.0245031954684,-3.8205677548355523,0.0,750,0.7,0.9,1,5
021U,1078.0,1190.97,56.18442043840979,-2.010699747696774,0.0,750,0.7,0.9,1,5
030C,4.0,28.57,7.178098634039519,-3.4229120067375116,0.0,750,0.7,0.9,1,5
030T,737.0,586.37,60.423282764179575,2.4929132134028507,0.01,750,0.7,0.9,1,5
