,N_real,mean(N_rand),sd(N_rand),Z-score,P-value,size,p2_value,p4_value,cascade_value,rep_num
021C,5516.0,8323.04,816.1333214616348,-3.4394380503577513,0.0,750,0.7,0.9,1,3
021D,93725.0,96535.03,774.1805791286682,-3.6296828876315352,0.0,750,0.7,0.9,1,3
021U,1126.0,1301.61,61.27901680020658,-2.8657444125214475,0.0,750,0.7,0.9,1,3
030C,3.0,29.88,8.759315041714164,-3.068733099790379,0.0,750,0.7,0.9,1,3
030T,755.0,628.08,71.83448753906441,1.766839360146885,0.03,750,0.7,0.9,1,3
