,N_real,mean(N_rand),sd(N_rand),Z-score,P-value,size,p2_value,p4_value,cascade_value,rep_num
021C,8629.0,9809.88,707.6147013735653,-1.6688177870072076,0.03,750,0.5,0.5,1,6
021D,73685.0,75341.65,654.5390190813685,-2.5310179404202167,0.0,750,0.5,0.5,1,6
021U,1185.0,1847.04,75.7482567456176,-8.74000311615491,0.0,750,0.5,0.5,1,6
030C,7.0,56.14,10.997290575409927,-4.468373338236386,0.0,750,0.5,0.5,1,6
030T,2033.0,1153.65,89.39836407899196,9.836309747491693,0.0,750,0.5,0.5,1,6
