,N_real,mean(N_rand),sd(N_rand),Z-score,P-value,size,p2_value,p4_value,cascade_value,rep_num
021C,4116.0,8914.23,860.0447994726786,-5.579046583319788,0.0,750,0.7,0.5,1,3
021D,107055.0,111741.1,828.8419451258484,-5.653792049928754,0.0,750,0.7,0.5,1,3
021U,1381.0,1601.89,59.50779696812847,-3.711950555291194,0.0,750,0.7,0.5,1,3
030C,2.0,27.06,6.698984997744062,-3.7408652218864735,0.0,750,0.7,0.5,1,3
030T,820.0,694.9,70.59086343146683,1.7721840181407247,0.03,750,0.7,0.5,1,3
