,N_real,mean(N_rand),sd(N_rand),Z-score,P-value,size,p2_value,p4_value,cascade_value,rep_num
021C,4566.0,8195.61,938.6822560909524,-3.8667077985634304,0.0,750,0.9,0.7,1,6
021D,113244.0,116795.62,903.4007281378514,-3.9313893484686764,0.0,750,0.9,0.7,1,6
021U,1431.0,1492.37,56.71660338913112,-1.0820464614028795,0.14,750,0.9,0.7,1,6
030C,0.0,18.5,6.161980201201558,-3.0022816360871434,0.0,750,0.9,0.7,1,6
030T,636.0,594.09,81.76442930761517,0.5125700791272649,0.3,750,0.9,0.7,1,6
