,N_real,mean(N_rand),sd(N_rand),Z-score,P-value,size,p2_value,p4_value,cascade_value,rep_num
021C,6907.0,8519.47,588.7537083535016,-2.738785297012235,0.0,750,0.7,0.7,1,9
021D,69813.0,71463.36,555.7801457411015,-2.9694475641970595,0.0,750,0.7,0.7,1,9
021U,785.0,1023.27,52.41371099244929,-4.545947911116714,0.0,750,0.7,0.7,1,9
030C,9.0,42.75,10.052238556659905,-3.357461107768839,0.0,750,0.7,0.7,1,9
030T,897.0,666.63,67.19250776686341,3.4285072496372733,0.0,750,0.7,0.7,1,9
