,N_real,mean(N_rand),sd(N_rand),Z-score,P-value,size,p2_value,p4_value,cascade_value,rep_num
021C,3862.0,6311.39,732.9149049514548,-3.3419841559399557,0.0,750,0.9,0.7,1,8
021D,119406.0,121837.54,716.9223168516935,-3.391636642973963,0.0,750,0.9,0.7,1,8
021U,1100.0,1118.37,42.94476801660476,-0.427758743344406,0.32,750,0.9,0.7,1,8
030C,0.0,12.82,4.470749377900756,-2.8675282187299977,0.0,750,0.9,0.7,1,8
030T,613.0,534.52,73.42798921392304,1.0688022488449,0.15,750,0.9,0.7,1,8
