,N_real,mean(N_rand),sd(N_rand),Z-score,P-value,size,p2_value,p4_value,cascade_value,rep_num
021C,7081.0,8964.04,657.6680305442861,-2.8632074428820826,0.0,750,0.7,0.7,1,1
021D,71881.0,73800.53,619.4362187505668,-3.098833974984196,0.0,750,0.7,0.7,1,1
021U,947.0,1210.52,51.55336652440847,-5.111596346966667,0.0,750,0.7,0.7,1,1
030C,9.0,36.69,8.652970588185308,-3.200057103835264,0.0,750,0.7,0.7,1,1
030T,913.0,648.08,68.78977831044377,3.8511535653514297,0.0,750,0.7,0.7,1,1
