,N_real,mean(N_rand),sd(N_rand),Z-score,P-value,size,p2_value,p4_value,cascade_value,rep_num
021C,4852.0,11498.44,1177.2914874405576,-5.6455347472607835,0.0,750,0.9,0.5,1,2
021D,120170.0,126688.64,1126.393967668506,-5.787175879051238,0.0,750,0.9,0.5,1,2
021U,1055.0,1210.22,61.741166169744474,-2.5140438645628262,0.0,750,0.9,0.5,1,2
030C,2.0,21.06,6.404404734243457,-2.9760767457573136,0.0,750,0.9,0.5,1,2
030T,551.0,433.76,65.24003678723672,1.7970560069171564,0.07,750,0.9,0.5,1,2
