,N_real,mean(N_rand),sd(N_rand),Z-score,P-value,size,p2_value,p4_value,cascade_value,rep_num
021C,8196.0,9500.4,738.9222692543511,-1.7652736346899842,0.05,750,0.5,0.7,1,0
021D,67298.0,69076.28,685.4253289746447,-2.59441827552565,0.0,750,0.5,0.7,1,0
021U,1026.0,1384.39,70.35494225710089,-5.094027349071244,0.0,750,0.5,0.7,1,0
030C,9.0,53.6,12.223747379588634,-3.6486356118970225,0.0,750,0.5,0.7,1,0
030T,1426.0,910.3,85.92781854556765,6.001548843306473,0.0,750,0.5,0.7,1,0
