,N_real,mean(N_rand),sd(N_rand),Z-score,P-value,size,p2_value,p4_value,cascade_value,rep_num
021C,5130.0,9908.45,999.5152162423542,-4.780767638500224,0.0,750,0.7,0.5,1,5
021D,106196.0,110940.38,955.6374394089006,-4.96462340669134,0.0,750,0.7,0.5,1,5
021U,1085.0,1303.97,57.13378247586974,-3.832583639854079,0.0,750,0.7,0.5,1,5
030C,1.0,29.43,7.301034173320928,-3.89396889880169,0.0,750,0.7,0.5,1,5
030T,698.0,569.96,68.27794958842863,1.875275997182251,0.04,750,0.7,0.5,1,5
