,N_real,mean(N_rand),sd(N_rand),Z-score,P-value,size,p2_value,p4_value,cascade_value,rep_num
021C,4595.0,8229.22,764.1887669941243,-4.755657446124096,0.0,750,0.7,0.5,1,1
021D,106002.0,109574.81,731.9679186275857,-4.881101902251251,0.0,750,0.7,0.5,1,1
021U,1266.0,1428.12,59.329297990116146,-2.7325453948065923,0.0,750,0.7,0.5,1,1
030C,3.0,28.66,7.484944889576676,-3.428214953958231,0.0,750,0.7,0.5,1,1
030T,720.0,621.67,75.18963425898546,1.3077600518883918,0.1,750,0.7,0.5,1,1
