,N_real,mean(N_rand),sd(N_rand),Z-score,P-value,size,p2_value,p4_value,cascade_value,rep_num
021C,6392.0,7625.43,497.7723024636867,-2.477900023555411,0.02,750,0.7,0.7,1,4
021D,72926.0,74206.52,466.97122994891237,-2.7421817831049156,0.0,750,0.7,0.7,1,4
021U,734.0,1011.18,61.2387752980087,-4.526217231666503,0.0,750,0.7,0.7,1,4
030C,11.0,34.17,8.936503790633113,-2.5927365491956564,0.0,750,0.7,0.7,1,4
030T,963.0,714.23,58.5922955686155,4.245780056674408,0.0,750,0.7,0.7,1,4
