,N_real,mean(N_rand),sd(N_rand),Z-score,P-value,size,p2_value,p4_value,cascade_value,rep_num
021C,7831.0,8383.07,584.0958355441339,-0.9451702381779533,0.18,750,0.7,0.7,1,5
021D,72026.0,72794.23,548.6008176260768,-1.4003442490740454,0.07,750,0.7,0.7,1,5
021U,940.0,1310.82,65.87084028612358,-5.629501588096748,0.0,750,0.7,0.7,1,5
030C,7.0,41.67,10.32768609127911,-3.3569959130802776,0.0,750,0.7,0.7,1,5
030T,1268.0,767.41,75.42388149651275,6.637022519493975,0.0,750,0.7,0.7,1,5
