,N_real,mean(N_rand),sd(N_rand),Z-score,P-value,size,p2_value,p4_value,cascade_value,rep_num
021C,4269.0,8764.79,825.565179679957,-5.4457117507582655,0.0,750,0.7,0.5,1,2
021D,101918.0,106287.0,792.2113228173403,-5.514942634829467,0.0,750,0.7,0.5,1,2
021U,1025.0,1295.38,58.43231640111489,-4.627233980319173,0.0,750,0.7,0.5,1,2
030C,5.0,32.33,8.307893836586983,-3.2896424217220863,0.0,750,0.7,0.5,1,2
030T,826.0,650.24,72.55344512840172,2.4224900649300403,0.01,750,0.7,0.5,1,2
