,N_real,mean(N_rand),sd(N_rand),Z-score,P-value,size,p2_value,p4_value,cascade_value,rep_num
021C,3456.0,9238.96,950.2523235435943,-6.085709928532152,0.0,750,0.9,0.7,1,3
021D,111897.0,117605.52,916.961193071986,-6.225476108618543,0.0,750,0.9,0.7,1,3
021U,1140.0,1171.92,46.457008082742476,-0.6870868641206684,0.28,750,0.9,0.7,1,3
030C,0.0,19.56,6.000533309631737,-3.2597102608535358,0.0,750,0.9,0.7,1,3
030T,539.0,467.95,73.21097936785165,0.9704828512538576,0.21,750,0.9,0.7,1,3
