,N_real,mean(N_rand),sd(N_rand),Z-score,P-value,size,p2_value,p4_value,cascade_value,rep_num
021C,6051.0,9067.37,822.7544670799425,-3.6661848956049687,0.0,750,0.7,0.9,1,4
021D,94097.0,97095.55,781.8728333303312,-3.835086566734765,0.0,750,0.7,0.9,1,4
021U,1348.0,1563.1,64.21487366646453,-3.349691243141593,0.0,750,0.7,0.9,1,4
030C,2.0,32.39,8.777123674644217,-3.462409910867738,0.0,750,0.7,0.9,1,4
030T,802.0,672.33,71.73089362331966,1.8077287685963574,0.06,750,0.7,0.9,1,4
