,N_real,mean(N_rand),sd(N_rand),Z-score,P-value,size,p2_value,p4_value,cascade_value,rep_num
021C,7705.0,9011.07,560.4529820600476,-2.330382818553842,0.01,750,0.7,0.7,1,3
021D,73889.0,75256.05,527.1463625028631,-2.593302538424664,0.0,750,0.7,0.7,1,3
021U,1259.0,1468.74,67.54829679570018,-3.105037579768423,0.0,750,0.7,0.7,1,3
030C,9.0,37.67,8.754490276423864,-3.274890838271792,0.0,750,0.7,0.7,1,3
030T,962.0,726.21,64.490665215983,3.6561880577650347,0.0,750,0.7,0.7,1,3
