,N_real,mean(N_rand),sd(N_rand),Z-score,P-value,size,p2_value,p4_value,cascade_value,rep_num
021C,3450.0,8730.67,999.5969093089474,-5.2827994472798965,0.0,750,0.9,0.9,1,8
021D,133274.0,138440.66,964.1832421277608,-5.3585872210330185,0.0,750,0.9,0.9,1,8
021U,1213.0,1293.59,43.64243233368186,-1.846597352407489,0.04,750,0.9,0.9,1,8
030C,0.0,15.75,5.517925334761245,-2.8543336570322557,0.0,750,0.9,0.9,1,8
030T,635.0,554.02,75.07436047013654,1.0786638673027744,0.17,750,0.9,0.9,1,8
