,N_real,mean(N_rand),sd(N_rand),Z-score,P-value,size,p2_value,p4_value,cascade_value,rep_num
021C,7291.0,8914.17,731.2898338552232,-2.2195987484783584,0.01,750,0.5,0.9,1,5
021D,78736.0,80660.48,684.1878321046056,-2.8127948345415206,0.0,750,0.5,0.9,1,5
021U,1082.0,1406.39,69.2473674589872,-4.684510211772671,0.0,750,0.5,0.9,1,5
030C,7.0,44.58,11.372932779191126,-3.304336773075765,0.0,750,0.5,0.9,1,5
030T,1348.0,889.89,83.82015211152984,5.465392133749003,0.0,750,0.5,0.9,1,5
