,N_real,mean(N_rand),sd(N_rand),Z-score,P-value,size,p2_value,p4_value,cascade_value,rep_num
021C,3646.0,11582.76,1176.2011657875535,-6.747791305482812,0.0,750,0.9,0.5,1,9
021D,114937.0,122703.41,1128.634680443588,-6.881243448010624,0.0,750,0.9,0.5,1,9
021U,1138.0,1275.42,53.98225263917763,-2.545651455461262,0.0,750,0.9,0.5,1,9
030C,1.0,23.16,6.1688248475702405,-3.592256312598715,0.0,750,0.9,0.5,1,9
030T,554.0,469.18,66.34838053788502,1.278403471378893,0.15,750,0.9,0.5,1,9
