,N_real,mean(N_rand),sd(N_rand),Z-score,P-value,size,p2_value,p4_value,cascade_value,rep_num
021C,7143.0,8309.86,533.1338484845995,-2.188681141362022,0.01,750,0.7,0.7,1,0
021D,72447.0,73685.9,490.4826908260881,-2.525879145527838,0.0,750,0.7,0.7,1,0
021U,834.0,1184.95,65.16293041292727,-5.385730779387682,0.0,750,0.7,0.7,1,0
030C,15.0,39.69,8.458953836024879,-2.9188006553305157,0.0,750,0.7,0.7,1,0
030T,1119.0,751.96,68.27721728365913,5.375731680380655,0.0,750,0.7,0.7,1,0
