,N_real,mean(N_rand),sd(N_rand),Z-score,P-value,size,p2_value,p4_value,cascade_value,rep_num
021C,11374.0,13100.21,730.468579680194,-2.36315434779652,0.01,750,0.5,0.5,1,0
021D,69714.0,71882.03,659.3993699572361,-3.287886065375831,0.0,750,0.5,0.5,1,0
021U,2054.0,2848.2,107.87103411018178,-7.362495470181429,0.0,750,0.5,0.5,1,0
030C,37.0,86.58,12.744551777132061,-3.8902898169367486,0.0,750,0.5,0.5,1,0
030T,2178.0,1314.72,99.40010865185208,8.684899963476195,0.0,750,0.5,0.5,1,0
