,N_real,mean(N_rand),sd(N_rand),Z-score,P-value,size,p2_value,p4_value,cascade_value,rep_num
021C,8640.0,10023.32,663.91756837728,-2.0835719159850727,0.0,750,0.5,0.5,1,2
021D,70430.0,72317.81,605.9638717778478,-3.1153837512809464,0.0,750,0.5,0.5,1,2
021U,1266.0,1943.86,87.62671053965224,-7.735769103112222,0.0,750,0.5,0.5,1,2
030C,13.0,63.45,14.403732155243654,-3.502564436511947,0.0,750,0.5,0.5,1,2
030T,2074.0,1203.09,105.95509378977492,8.21961426156603,0.0,750,0.5,0.5,1,2
