,N_real,mean(N_rand),sd(N_rand),Z-score,P-value,size,p2_value,p4_value,cascade_value,rep_num
021C,5837.0,8456.56,661.0565077207848,-3.9626869555097732,0.0,750,0.7,0.9,1,7
021D,98277.0,100906.98,639.660800424725,-4.111522854384275,0.0,750,0.7,0.9,1,7
021U,1275.0,1435.51,61.53283594959686,-2.6085259605371984,0.0,750,0.7,0.9,1,7
030C,1.0,28.81,8.034544168775227,-3.4613040162351,0.0,750,0.7,0.9,1,7
030T,778.0,655.94,69.96453673111829,1.7445981307514473,0.04,750,0.7,0.9,1,7
