,N_real,mean(N_rand),sd(N_rand),Z-score,P-value,size,p2_value,p4_value,cascade_value,rep_num
021C,7151.0,9739.82,691.4127042512308,-3.744247081493211,0.0,750,0.5,0.9,1,3
021D,81878.0,84710.67,646.9106902038333,-4.378765172527077,0.0,750,0.5,0.9,1,3
021U,1279.0,1659.54,73.01115257274056,-5.212080436901339,0.0,750,0.5,0.9,1,3
030C,5.0,43.45,8.802698449907279,-4.367978775917856,0.0,750,0.5,0.9,1,3
030T,1227.0,826.82,70.75074275228494,5.65619503672385,0.0,750,0.5,0.9,1,3
