,N_real,mean(N_rand),sd(N_rand),Z-score,P-value,network_label,size
021C,30856.0,24761.2,2168.8464583736672,2.8101574348283975,0.0,fflatt,1500
021D,402533.0,396716.8,2108.8125948030565,2.7580449843354575,0.0,fflatt,1500
021U,3443.0,3249.9,67.78266740103992,2.848810874578202,0.0,fflatt,1500
030C,0.0,25.7,11.65375475973302,-2.2052978228785696,0.0,fflatt,1500
030T,1072.0,857.4,106.95625273914564,2.0064278104748627,0.1,fflatt,1500
