,N_real,mean(N_rand),sd(N_rand),Z-score,P-value,network_label,size
021C,1359.0,1441.59,172.9561270958621,-0.47751994327569475,0.32,fflatt,250
021D,10677.0,10839.69,161.55467774100507,-1.0070274799521157,0.16,fflatt,250
021U,322.0,369.2,23.35037472932715,-2.021380836373416,0.03,fflatt,250
030C,0.0,10.6,4.711687595755898,-2.249724707883447,0.0,fflatt,250
030T,307.0,249.88,32.85522180719528,1.7385364291617946,0.05,fflatt,250
