,N_real,mean(N_rand),sd(N_rand),Z-score,P-value,network_label,size
021C,1162.0,2016.99,197.5816537535811,-4.327274237041878,0.0,fflatt,250
021D,8471.0,9299.27,182.2926139480149,-4.543628960393324,0.0,fflatt,250
021U,303.0,423.2,27.393794917827655,-4.387855000030493,0.0,fflatt,250
030C,0.0,20.3,5.7991378669591915,-3.5005203300407848,0.0,fflatt,250
030T,228.0,222.64,29.21045018482255,0.18349597373836485,0.4,fflatt,250
