,N_real,mean(N_rand),sd(N_rand),Z-score,P-value,network_label,size
021C,1659.0,4803.31,508.6950893216878,-6.181129061404417,0.0,fflatt,500
021D,42880.0,45781.29,477.04197498752666,-6.081833784282529,0.0,fflatt,500
021U,523.0,828.3,43.88268451223102,-6.957186038035263,0.0,fflatt,500
030C,0.0,36.32,8.580069929784955,-4.233065732240518,0.0,fflatt,500
030T,417.0,523.08,63.85995302221887,-1.661134952026844,0.04,fflatt,500
