,N_real,mean(N_rand),sd(N_rand),Z-score,P-value,network_label,size
021C,17813.0,10891.48,1103.5093790267483,6.272280174097395,0.0,fflatt,750
021D,1866.0,1561.34,56.92121221477982,5.35231046820352,0.0,fflatt,750
021U,123049.0,116727.49,1043.6310985688383,6.057226551287007,0.0,fflatt,750
030C,8.0,16.77,5.65306111766006,-1.551371870472562,0.03,fflatt,750
030T,1008.0,510.91,73.24999590443674,6.786211983527105,0.0,fflatt,750
