,N_real,mean(N_rand),sd(N_rand),Z-score,P-value,network_label,size
021C,24923.0,14333.0,1458.2740003168128,7.262009744190257,0.0,fflatt,1000
021D,2185.0,1710.22,50.297033709752704,9.439522870072139,0.0,fflatt,1000
021U,223320.0,213360.91,1407.585763603767,7.075298896532079,0.0,fflatt,1000
030C,5.0,20.41,5.32371111162129,-2.8945973357496886,0.0,fflatt,1000
030T,1114.0,667.45,86.77803581552189,5.145887387325792,0.0,fflatt,1000
