,N_real,mean(N_rand),sd(N_rand),Z-score,P-value,network_label,size
021C,4428.0,5398.13,513.3130751305679,-1.8899382209448587,0.01,fflatt,500
021D,40623.0,41590.58,483.1507462480007,-2.002646187580023,0.02,fflatt,500
021U,908.0,1150.64,55.64665668303893,-4.360369777147037,0.0,fflatt,500
030C,8.0,29.7,8.642337646724988,-2.5108947239782062,0.0,fflatt,500
030T,636.0,477.56,50.513823850506505,3.136567139896128,0.0,fflatt,500
