,N_real,mean(N_rand),sd(N_rand),Z-score,P-value,network_label,size
021C,12460.0,9588.34,522.889916139143,5.491901662979938,0.0,fflatt,300
021D,5002.0,4739.01,95.69498367208179,2.7482109292289363,0.0,fflatt,300
021U,27021.0,25031.72,434.2433898172775,4.581025403373567,0.0,fflatt,300
030C,4.0,57.64,11.08018050394487,-4.8410763688283405,0.0,fflatt,300
030T,1571.0,1004.78,74.1929349736213,7.631723966726953,0.0,fflatt,300
