,N_real,mean(N_rand),sd(N_rand),Z-score,P-value,network_label,size
021C,4452.0,6501.4,872.8604470360655,-2.3479125522975166,0.01,fflatt,750
021D,145703.0,147779.78,852.6892937055092,-2.435564765889098,0.01,fflatt,750
021U,913.0,931.38,36.59638779989085,-0.5022353599623517,0.31,fflatt,750
030C,2.0,13.14,5.257413812893179,-2.1189125293277242,0.0,fflatt,750
030T,703.0,542.25,85.30232997990149,1.8844737305285226,0.06,fflatt,750
