,N_real,mean(N_rand),sd(N_rand),Z-score,P-value,network_label,size
021C,73805.18181818182,72264.98181818183,199.7571241960391,8.069852478041629,0.0,dag,1000
021D,59942.90909090909,59486.8,96.48514118376511,5.0307551956206105,0.0,dag,1000
021U,59942.90909090909,59496.36363636364,102.95517035847162,4.445412839583912,0.0,dag,1000
030C,0.0,136.54545454545453,9.989133320049142,-14.611529655632983,0.0,dag,1000
030T,1287.909090909091,1119.3454545454545,29.309901573993805,6.201620683344703,0.0,dag,1000
