,N_real,mean(N_rand),sd(N_rand),Z-score,P-value,network_label,size
021C,32023.090909090908,31313.563636363637,129.3554941415398,5.7005663381292715,0.0,dag,750
021D,24796.454545454544,24588.9,67.58766518169567,3.1418824366265685,0.0,dag,750
021U,24714.727272727272,24506.84545454546,60.71949361762156,3.5121232456937084,0.0,dag,750
030C,0.0,62.699999999999996,7.31214871847914,-8.835087496090022,0.0,dag,750
030T,535.8181818181819,466.2636363636364,18.90817386224201,3.913188727516359,0.018181818181818184,dag,750
