,N_real,mean(N_rand),sd(N_rand),Z-score,P-value,network_label,size
021C,1355.5454545454545,1302.2181818181818,19.314344084040982,2.97646498185852,0.0,dag,250
021D,792.0,774.5,9.548173044642787,1.9571515055241222,0.03636363636363637,dag,250
021U,782.7272727272727,765.7636363636364,9.01037382995964,1.8985777808689122,0.06363636363636363,dag,250
030C,0.0,3.6454545454545455,1.7359783563912954,-2.1393476055717553,0.02727272727272728,dag,250
030T,14.818181818181818,14.227272727272727,3.3577531921021877,0.2775390698330564,0.30909090909090914,dag,250
