,N_real,mean(N_rand),sd(N_rand),Z-score,P-value,network_label,size
021C,9853.90909090909,9597.827272727272,59.90749288360907,4.340958869054942,0.0,dag,500
021D,6980.090909090909,6908.38181818182,30.090475458866578,2.4149023880439238,0.009090909090909092,dag,500
021U,7085.363636363636,7010.436363636362,29.420702602322056,2.609259920540315,0.0,dag,500
030C,0.0,20.763636363636365,4.1412208716268575,-5.177595535476278,0.0,dag,500
030T,161.45454545454547,134.48181818181817,10.113990580854713,3.0967519187646086,0.02727272727272728,dag,500
