,N_real,mean(N_rand),sd(N_rand),Z-score,P-value,network_label,size
021C,1484.2,1178.5300000000002,96.16632498959108,3.268008889842135,0.0,fflatt-037,250
021D,6397.9,6147.74,87.04921694154467,2.9247737426020883,0.01,fflatt-037,250
021U,553.7,541.24,15.61508690330749,0.7408648672204472,0.18000000000000002,fflatt-037,250
030C,0.0,4.1000000000000005,2.144694554529492,-2.1240026813108557,0.030000000000000006,fflatt-037,250
030T,135.5,109.63,14.213892895520306,1.7918899423902885,0.12,fflatt-037,250
