,N_real,mean(N_rand),sd(N_rand),Z-score,P-value,network_label,size
021C,5635.6,4558.18,342.0507236184704,3.1293222355569004,0.030000000000000006,fflatt,750
021D,65739.3,64749.030000000006,334.4385985849522,2.867621609784399,0.030000000000000006,fflatt,750
021U,1864.8,1771.0600000000002,29.30155013698171,3.199679693885403,0.0,fflatt,750
030C,0.0,7.779999999999999,3.540767810287501,-2.2213440587845095,0.0,fflatt,750
030T,301.4,322.25,30.064881512406593,-0.6157255384935307,0.23000000000000004,fflatt,750
