,N_real,mean(N_rand),sd(N_rand),Z-score,P-value,network_label,size
021C,24053.7,18130.91,1350.4934703970548,4.434865278888395,0.0,fflatt-037,1000
021D,167337.2,161937.59,1285.0552584092034,4.25689158772254,0.0,fflatt-037,1000
021U,3146.4,2716.3599999999997,73.37843013548667,5.818181240425752,0.0,fflatt-037,1000
030C,0.0,23.270000000000003,5.912120581894323,-4.0310853746300435,0.0,fflatt-037,1000
030T,720.6,562.88,59.88611308938151,2.704070497164806,0.08,fflatt-037,1000
