,N_real,mean(N_rand),sd(N_rand),Z-score,P-value,network_label,size
021C,9454.0,5927.679999999999,558.4803781642466,6.278234794505527,0.0,fflatt-037,500
021D,46303.2,43159.08,527.1556034670829,5.921679051142283,0.0,fflatt-037,500
021U,1466.5,1170.03,34.67843486904333,8.741381555151234,0.0,fflatt-037,500
030C,0.0,13.559999999999999,4.028124914008483,-3.555946662269008,0.01,fflatt-037,500
030T,383.5,286.61,35.00938558279823,3.042815468848654,0.07,fflatt-037,500
