,N_real,mean(N_rand),sd(N_rand),Z-score,P-value,network_label,size
021C,4344.0,3398.6800000000003,253.9280194682277,4.070130535765819,0.0,fflatt,500
021D,28650.6,27814.890000000003,239.86272844218985,3.829342871459828,0.01,fflatt,500
021U,1228.0,1151.56,30.080503967655915,2.595393204034557,0.02,fflatt,500
030C,0.0,8.870000000000001,3.569137915535893,-2.5337232163161234,0.01,fflatt,500
030T,267.1,252.4,29.699483517935533,0.6196051106044058,0.24,fflatt,500
