,N_real,mean(N_rand),sd(N_rand),Z-score,P-value,network_label,size
021C,10734.8,8190.8200000000015,791.4265908855791,3.2946470453123284,0.0,fflatt,1000
021D,139878.2,137492.75000000003,774.1005192283048,3.153551044559674,0.0,fflatt,1000
021U,2747.5,2573.26,44.36773236419807,4.302364518337027,0.0,fflatt,1000
030C,0.0,10.940000000000001,4.205364060651577,-2.7410395462672588,0.0,fflatt,1000
030T,525.5,533.93,54.77758865205617,-0.1745699304401618,0.38,fflatt,1000
