,N_real,mean(N_rand),sd(N_rand),Z-score,P-value,network_label,size
021C,1484.2,1185.3600000000001,104.87888492692719,2.9108967609310974,0.0,fflatt,250
021D,6397.9,6157.13,95.41761220389913,2.5559309085596187,0.02,fflatt,250
021U,553.7,540.3100000000001,16.537449734680393,0.9609803143094646,0.22000000000000003,fflatt,250
030C,0.0,4.62,2.176966166237455,-2.219236289343976,0.01,fflatt,250
030T,135.5,110.65,13.847663385718608,1.9804034234114574,0.1,fflatt,250
