,N_real,mean(N_rand),sd(N_rand),Z-score,P-value,network_label,size
021C,17380.2,11624.380000000001,1004.5275589727007,5.560943365151209,0.0,fflatt-037,750
021D,111486.9,106236.71,959.5871672018384,5.290116181753017,0.01,fflatt-037,750
021U,2352.9,1979.25,60.33062853641668,6.6269380708371655,0.0,fflatt-037,750
030C,0.0,18.870000000000005,5.50524846015877,-3.688962597211895,0.0,fflatt-037,750
030T,634.4,466.91999999999996,46.6600613686574,3.9893688602968815,0.05,fflatt-037,750
