,N_real,mean(N_rand),sd(N_rand),Z-score,P-value,network_label,size
021C,281.2,506.0799999999999,74.23945373490977,-4.0316989384208455,0.05,gnw,250
021D,13091.4,13278.9,71.11584260975592,-3.3682826323670936,0.05,gnw,250
021U,282.3,285.92999999999995,18.699871117519475,-0.975294422962312,0.13,gnw,250
030C,0.0,0.8100000000000002,0.8652440638709148,,0.71,gnw,250
030T,93.8,129.13,23.95374323815641,-1.0301311676815872,0.12000000000000002,gnw,250
