,N_real,mean(N_rand),sd(N_rand),Z-score,P-value,network_label,size
021C,497.9,1256.6200000000003,154.91672827888144,-5.3249142406343974,0.0,gnw,500
021D,35107.8,35776.38,150.94525135461578,-4.821187153260734,0.0,gnw,500
021U,492.2,585.5,26.269108247808514,-4.997212016515411,0.03,gnw,500
030C,0.0,1.06,0.9839779524205676,-1.0186174933440015,0.51,gnw,500
030T,166.6,193.73000000000002,26.910167682460944,-0.2389637574726171,0.13999999999999999,gnw,500
