,N_real,mean(N_rand),sd(N_rand),Z-score,P-value,network_label,size
021C,904.3,2224.1,252.6283046242786,-6.056332357890313,0.0,gnw,750
021D,92618.4,93825.91000000002,247.90889603047026,-5.604574869023989,0.0,gnw,750
021U,1232.5,1453.9200000000003,60.2065752941045,-4.333207343425442,0.02,gnw,750
030C,0.0,1.16,1.1319684922891748,-1.0099304929873378,0.44000000000000006,gnw,750
030T,327.8,376.77000000000004,67.99048382020538,-0.529168321744296,0.2,gnw,750
