,N_real,mean(N_rand),sd(N_rand),Z-score,P-value,network_label,size
021C,1180.6,3398.87,314.63874669301106,-7.182302055901479,0.0,gnw,1000
021D,141732.1,143780.72,310.74983143962953,-6.712647201357579,0.0,gnw,1000
021U,1825.4,2248.7,63.77442558114443,-7.232371964249365,0.0,gnw,1000
030C,0.0,1.7399999999999998,1.257743528163403,-1.3738063759448473,0.22999999999999998,gnw,1000
030T,489.1,485.55999999999995,68.41409247250684,0.08225772457365113,0.29000000000000004,gnw,1000
