,N_real,mean(N_rand),sd(N_rand),Z-score,P-value,network_label,size
021C,5106.0,5071.160000000001,265.3911354501397,0.3950130492323264,0.2,networkx,1000
021D,55608.0,55578.46,256.60740645929934,0.3737605022076626,0.19,networkx,1000
021U,3283.5,3223.98,23.240697034618265,2.7929917399448922,0.02,networkx,1000
030C,3.3,3.7300000000000004,1.8373037374660395,-0.32881763858130486,0.31,networkx,1000
030T,194.8,249.12999999999997,20.469518022851553,-2.7590556562875586,0.02,networkx,1000
