,N_real,mean(N_rand),sd(N_rand),Z-score,P-value,network_label,size
021C,2525.2,2471.1,133.85244667143954,0.4288537121547911,0.17,networkx,500
021D,16157.6,16103.929999999998,123.26530047813367,0.47304535422360827,0.15000000000000002,networkx,500
021U,1625.1,1585.29,20.092797113485478,2.133869727434269,0.12,networkx,500
030C,3.5,3.3699999999999997,2.0724666402679697,-0.13496250976975638,0.3,networkx,500
030T,110.3,148.43,17.467398122110033,-2.1984487145446834,0.05,networkx,500
