,N_real,mean(N_rand),sd(N_rand),Z-score,P-value,network_label,size
021C,7552.6,7587.58,278.78683812427676,0.16265121135206684,0.16,networkx,1500
021D,104989.7,105015.83,272.28189125512256,0.16376211100688345,0.15,networkx,1500
021U,4999.8,4941.65,24.38104207065898,2.756503958113987,0.1,networkx,1500
030C,4.1,3.55,1.7120899121050512,0.18388084076586778,0.26,networkx,1500
030T,246.6,309.08,23.576768787855773,-2.7464842010301678,0.030000000000000006,networkx,1500
