,N_real,mean(N_rand),sd(N_rand),Z-score,P-value,network_label,size
021C,4246.7,4188.6900000000005,187.82883513647448,0.17303001255771674,0.18000000000000002,networkx,750
021D,32483.5,32439.339999999997,177.02364599979654,0.10895594715045061,0.2,networkx,750
021U,2427.6,2368.58,26.859469440116374,2.2254424834485897,0.04,networkx,750
030C,4.0,4.61,2.1841174308547404,-0.25903601310002555,0.47000000000000003,networkx,750
030T,157.3,204.11999999999998,23.84259177014351,-2.041962983523948,0.06999999999999999,networkx,750
