,N_real,mean(N_rand),sd(N_rand),Z-score,P-value,network_label,size
021C,39865.4,39926.670000000006,157.00923382743213,-0.39179382693108,0.21000000000000002,randg,750
021D,19944.9,19962.8,77.58129790415647,-0.27099257801271853,0.26999999999999996,randg,750
021U,20014.6,20032.2,74.3007237277844,-0.30883509654957875,0.21000000000000002,randg,750
030C,139.4,132.73000000000002,10.068954728771308,0.8426851837090797,0.25,randg,750
030T,395.8,398.15,20.71506979724316,-0.16945337663869328,0.29,randg,750
