,N_real,mean(N_rand),sd(N_rand),Z-score,P-value,network_label,size
021C,1456.7,1463.7999999999997,23.74900564592695,-0.2495197440984303,0.25,randg,250
021D,715.6,718.5,10.299449020765383,-0.264875233625193,0.25999999999999995,randg,250
021U,744.1,748.03,10.592516963784854,-0.2552971242088807,0.25,randg,250
030C,4.6,4.670000000000001,1.6951011420646236,0.14963220248188436,0.26,randg,250
030T,15.7,14.34,2.852889760386448,0.3767026215164825,0.27999999999999997,randg,250
