,N_real,mean(N_rand),sd(N_rand),Z-score,P-value,network_label,size
021C,94982.1,94866.79,287.62152040190966,0.4295855886814226,0.25,randg,1000
021D,47440.9,47394.18,137.69591606306113,0.36525836075314133,0.24,randg,1000
021U,47470.6,47410.7,136.88288624677466,0.44441486959934584,0.25,randg,1000
030C,316.6,315.7699999999999,15.128713790694627,0.013398585188661705,0.16,randg,1000
030T,961.3,955.76,25.56930707134406,0.29690685346018075,0.25,randg,1000
