,N_real,mean(N_rand),sd(N_rand),Z-score,P-value,network_label,size
021C,11796.2,11786.100000000002,64.1783041554692,0.03675993412590337,0.25,randg,500
021D,5909.3,5899.530000000001,32.28859443527229,0.25295273945749447,0.25,randg,500
021U,5893.4,5883.55,30.76345623758536,0.21711904297928736,0.23000000000000004,randg,500
030C,42.9,40.04,5.648020386663297,0.48988115723135783,0.27,randg,500
030T,118.9,119.59,10.085921940729147,0.08708238844211594,0.29999999999999993,randg,500
