,N_real,mean(N_rand),sd(N_rand),Z-score,P-value,size,p2_value,p4_value,cascade_value,rep_num
021C,2187.0,3678.22,499.7209137108432,-2.984105645942355,0.0,500,0.9,0.9,10,2
021D,59159.0,60635.68,482.53494961505123,-3.0602550160937394,0.0,500,0.9,0.9,10,2
021U,702.0,708.53,38.85960756363862,-0.1680408117685205,0.45,500,0.9,0.9,10,2
030C,0.0,8.04,4.282335811213315,-1.87748003763442,0.01,500,0.9,0.9,10,2
030T,431.0,380.37,57.01327126204916,0.8880388526960707,0.22,500,0.9,0.9,10,2
