,N_real,mean(N_rand),sd(N_rand),Z-score,P-value,size,p2_value,p4_value,cascade_value,rep_num
021C,5349.0,6070.33,502.3870431251188,-1.4358053414613117,0.09,500,0.5,0.9,1,6
021D,29869.0,30730.32,442.27789635024726,-1.947463364341197,0.03,500,0.5,0.9,1,6
021U,771.0,1015.71,67.0861080999636,-3.6477000519297205,0.0,500,0.5,0.9,1,6
030C,49.0,51.81,12.352890350035493,-0.22747712643558993,0.45,500,0.5,0.9,1,6
030T,808.0,460.54,52.99083316952093,6.55698314628219,0.0,500,0.5,0.9,1,6
