,N_real,mean(N_rand),sd(N_rand),Z-score,P-value,size,p2_value,p4_value,cascade_value,rep_num
021C,2640.0,4217.57,505.2745442826108,-3.1222035977289035,0.0,500,0.9,0.7,3,0
021D,44295.0,45876.44,484.98635692151174,-3.260792757219635,0.0,500,0.9,0.7,3,0
021U,644.0,673.34,36.362403660924286,-0.8068773525972746,0.21,500,0.9,0.7,3,0
030C,1.0,15.67,4.4588227145738815,-3.290106142155054,0.0,500,0.9,0.7,3,0
030T,321.0,314.19,42.172667688919084,0.1614789951215094,0.4,500,0.9,0.7,3,0
