,N_real,mean(N_rand),sd(N_rand),Z-score,P-value,size,p2_value,p4_value,cascade_value,rep_num
021C,2255.0,4984.24,568.8091265090602,-4.798164925288918,0.0,500,0.9,0.9,1,2
021D,53966.0,56679.44,543.1487700437146,-4.995758344038254,0.0,500,0.9,0.9,1,2
021U,752.0,774.84,33.63026018335273,-0.6791502615643167,0.26,500,0.9,0.9,1,2
030C,0.0,13.5,4.916299421312742,-2.745967819103104,0.0,500,0.9,0.9,1,2
030T,413.0,337.85,57.196918623296476,1.3138819679246,0.11,500,0.9,0.9,1,2
