,N_real,mean(N_rand),sd(N_rand),Z-score,P-value,size,p2_value,p4_value,cascade_value,rep_num
021C,1666.0,4520.35,647.9622423413266,-4.405117788478201,0.0,500,0.9,0.9,1,2
021D,57125.0,59960.41,625.3177767343577,-4.534350542227618,0.0,500,0.9,0.9,1,2
021U,772.0,761.25,35.884920231205754,0.29956873056253114,0.35,500,0.9,0.9,1,2
030C,0.0,13.16,5.371629175585374,-2.449908504446584,0.0,500,0.9,0.9,1,2
030T,371.0,360.83,53.414989469249164,0.19039599372859284,0.37,500,0.9,0.9,1,2
