,N_real,mean(N_rand),sd(N_rand),Z-score,P-value,size,p2_value,p4_value,cascade_value,rep_num
021C,4752.0,5721.73,451.81363093647366,-2.14630532060319,0.0,500,0.5,0.7,1,1
021D,34710.0,35873.16,411.7921252282515,-2.8246290512604575,0.0,500,0.5,0.7,1,1
021U,761.0,1032.84,53.69687514185532,-5.062491984530915,0.0,500,0.5,0.7,1,1
030C,11.0,42.02,11.097729497514345,-2.7951663452373587,0.0,500,0.5,0.7,1,1
030T,855.0,588.51,57.570911926076,4.628900100491491,0.0,500,0.5,0.7,1,1
