,N_real,mean(N_rand),sd(N_rand),Z-score,P-value,size,p2_value,p4_value,cascade_value,rep_num
021C,6447.0,7274.61,627.674372505362,-1.3185339982841655,0.08,500,0.5,0.5,10,0
021D,38996.0,40273.45,572.5206786658453,-2.231273118338469,0.0,500,0.5,0.5,10,0
021U,1589.0,1679.2,76.45953177988994,-1.1797090290804535,0.08,500,0.5,0.5,10,0
030C,26.0,48.96,11.370945431229543,-2.0191812667521813,0.0,500,0.5,0.5,10,0
030T,972.0,559.01,60.3611621823172,6.841982246010919,0.0,500,0.5,0.5,10,0
