,N_real,mean(N_rand),sd(N_rand),Z-score,P-value,size,p2_value,p4_value,cascade_value,rep_num
021C,2987.0,4818.3,552.4686144931674,-3.314758435065181,0.0,500,0.5,0.9,10,1
021D,35922.0,37798.31,510.32600746973503,-3.676688964575791,0.0,500,0.5,0.9,10,1
021U,966.0,1153.3,51.33215366609899,-3.648785149719862,0.0,500,0.5,0.9,10,1
030C,0.0,25.75,6.967603605257693,-3.6956752219040236,0.0,500,0.5,0.9,10,1
030T,617.0,544.53,61.54290454634067,1.1775524820319694,0.14,500,0.5,0.9,10,1
