,N_real,mean(N_rand),sd(N_rand),Z-score,P-value,size,p2_value,p4_value,cascade_value,rep_num
021C,1800.0,4660.59,553.3732211627158,-5.1693683225030185,0.0,500,0.9,0.9,1,3
021D,58080.0,60899.85,532.127717282233,-5.29919774598847,0.0,500,0.9,0.9,1,3
021U,741.0,726.61,27.602498075355424,0.5213296260619228,0.3,500,0.9,0.9,1,3
030C,0.0,11.9,4.583666654546336,-2.5961748305141072,0.0,500,0.9,0.9,1,3
030T,348.0,346.4,56.02053195034835,0.02856095692590212,0.46,500,0.9,0.9,1,3
