,N_real,mean(N_rand),sd(N_rand),Z-score,P-value,size,p2_value,p4_value,cascade_value,rep_num
021C,2072.0,4338.65,597.2908567021599,-3.79488481125414,0.0,500,0.7,0.7,1,4
021D,55350.0,57640.84,577.2095065052204,-3.9688189022910314,0.0,500,0.7,0.7,1,4
021U,849.0,931.2,38.42108795960885,-2.1394500875772935,0.01,500,0.7,0.7,1,4
030C,0.0,17.49,6.6037792210218536,-2.6484834538871267,0.0,500,0.7,0.7,1,4
030T,435.0,450.35,57.25266369349115,-0.26810979629136644,0.4,500,0.7,0.7,1,4
