,N_real,mean(N_rand),sd(N_rand),Z-score,P-value,size,p2_value,p4_value,cascade_value,rep_num
021C,5053.0,5335.93,442.3781923874639,-0.6395658847310258,0.23,500,0.5,0.9,1,5
021D,32329.0,32872.86,387.76825604992473,-1.4025387367706015,0.08,500,0.5,0.9,1,5
021U,719.0,882.14,59.559553389863495,-2.7391071744967945,0.0,500,0.5,0.9,1,5
030C,24.0,51.18,11.626160157162811,-2.3378312041619824,0.0,500,0.5,0.9,1,5
030T,740.0,448.42,53.04058446133489,5.497299906499969,0.0,500,0.5,0.9,1,5
