,N_real,mean(N_rand),sd(N_rand),Z-score,P-value,size,p2_value,p4_value,cascade_value,rep_num
021C,1886.0,4301.63,557.041320819201,-4.3365364645615605,0.0,500,0.9,0.9,1,0
021D,53966.0,56360.96,535.8156384429257,-4.46974636081867,0.0,500,0.9,0.9,1,0
021U,576.0,605.51,32.86776384240339,-0.8978402102892233,0.17,500,0.9,0.9,1,0
030C,0.0,11.82,4.940404841710849,-2.3925164796629836,0.0,500,0.9,0.9,1,0
030T,371.0,300.69,53.52227480217932,1.3136586637968743,0.1,500,0.9,0.9,1,0
