,N_real,mean(N_rand),sd(N_rand),Z-score,P-value,size,p2_value,p4_value,cascade_value,rep_num
021C,2987.0,4759.18,484.020978470975,-3.661370227378009,0.0,500,0.5,0.9,10,0
021D,35922.0,37742.23,456.7183126392021,-3.9854543810200727,0.0,500,0.5,0.9,10,0
021U,966.0,1143.65,45.25911510403181,-3.9251761681963275,0.0,500,0.5,0.9,10,0
030C,0.0,25.18,7.316255873054196,-3.4416510899704935,0.0,500,0.5,0.9,10,0
030T,617.0,541.11,56.7885366953578,1.3363612520447925,0.06,500,0.5,0.9,10,0
