,N_real,mean(N_rand),sd(N_rand),Z-score,P-value,size,p2_value,p4_value,cascade_value,rep_num
021C,2221.0,4753.96,423.677375369514,-5.978511356172504,0.0,500,0.5,0.7,1,5
021D,43918.0,46424.31,396.68548486174785,-6.318128834165668,0.0,500,0.5,0.7,1,5
021U,546.0,730.22,39.31477584827364,-4.685770070544338,0.0,500,0.5,0.7,1,5
030C,2.0,21.09,6.445300613625403,-2.9618478864498,0.0,500,0.5,0.7,1,5
030T,435.0,420.55,51.77535610693566,0.27909030640282384,0.39,500,0.5,0.7,1,5
