,N_real,mean(N_rand),sd(N_rand),Z-score,P-value,size,p2_value,p4_value,cascade_value,rep_num
021C,4033.0,4377.8,296.53563023690765,-1.1627607775987434,0.13,500,0.5,0.9,1,0
021D,39402.0,39886.91,268.6714757840884,-1.8048436239271273,0.04,500,0.5,0.9,1,0
021U,739.0,1037.18,47.39649354118931,-6.29118269563276,0.0,500,0.5,0.9,1,0
030C,9.0,24.18,7.25310967792436,-2.092895416458682,0.01,500,0.5,0.9,1,0
030T,1008.0,652.24,59.498927721430405,5.979267419164965,0.0,500,0.5,0.9,1,0
