,N_real,mean(N_rand),sd(N_rand),Z-score,P-value,size,p2_value,p4_value,cascade_value,rep_num
021C,3135.0,4667.95,424.73997633846517,-3.6091493275839626,0.0,500,0.5,0.5,1,0
021D,47704.0,49369.88,395.2629828354788,-4.214611720150355,0.0,500,0.5,0.5,1,0
021U,670.0,881.68,46.81065690630714,-4.522047200142555,0.0,500,0.5,0.5,1,0
030C,6.0,30.45,8.729690716170877,-2.800786510650237,0.0,500,0.5,0.5,1,0
030T,812.0,629.41,61.709333977932374,2.958871668673256,0.0,500,0.5,0.5,1,0
