,N_real,mean(N_rand),sd(N_rand),Z-score,P-value,size,p2_value,p4_value,cascade_value,rep_num
021C,5287.0,5471.74,391.9780509161195,-0.4713018996044062,0.35,500,0.5,0.5,1,1
021D,33256.0,33692.25,358.859091427262,-1.2156582079749945,0.11,500,0.5,0.5,1,1
021U,842.0,1065.85,54.91691451638556,-4.076157627778046,0.0,500,0.5,0.5,1,1
030C,12.0,40.6,10.331505214633538,-2.7682316763960957,0.0,500,0.5,0.5,1,1
030T,1023.0,683.4,62.8033438600207,5.407355391090605,0.0,500,0.5,0.5,1,1
