,N_real,mean(N_rand),sd(N_rand),Z-score,P-value,size,p2_value,p4_value,cascade_value,rep_num
021C,3270.0,5999.57,704.0179295302073,-3.877131370534054,0.0,500,0.7,0.9,1,3
021D,55008.0,57769.93,663.2307932386734,-4.164357306923291,0.0,500,0.7,0.9,1,3
021U,597.0,677.42,36.98139532251318,-2.1746069692249455,0.01,500,0.7,0.9,1,3
030C,3.0,18.11,5.605167258878186,-2.6957268716766363,0.0,500,0.7,0.9,1,3
030T,435.0,296.57,48.1388107455928,2.8756422906162786,0.02,500,0.7,0.9,1,3
