,N_real,mean(N_rand),sd(N_rand),Z-score,P-value,size,p2_value,p4_value,cascade_value,rep_num
021C,2340.0,5280.77,566.8961784136492,-5.187493075414945,0.0,500,0.7,0.5,1,4
021D,45245.0,48121.93,537.323054688704,-5.354190509593411,0.0,500,0.7,0.5,1,4
021U,604.0,782.05,44.00576666756301,-4.046060629850178,0.0,500,0.7,0.5,1,4
030C,5.0,23.42,6.75600473652883,-2.7264634526387295,0.0,500,0.7,0.5,1,4
030T,477.0,370.54,51.626624913894965,2.0621142710289195,0.03,500,0.7,0.5,1,4
