,N_real,mean(N_rand),sd(N_rand),Z-score,P-value,size,p2_value,p4_value,cascade_value,rep_num
021C,3500.0,4725.4,372.96034641768557,-3.2856039838284854,0.0,500,0.5,0.5,3,2
021D,42358.0,43777.34,351.1601121995492,-4.041859968405086,0.0,500,0.5,0.5,3,2
021U,833.0,1100.06,50.90418843278026,-5.246326642701645,0.0,500,0.5,0.5,3,2
030C,6.0,35.32,10.001879823313216,-2.9314489393942225,0.0,500,0.5,0.5,3,2
030T,856.0,634.31,61.14731310531968,3.6255068087482902,0.0,500,0.5,0.5,3,2
