,N_real,mean(N_rand),sd(N_rand),Z-score,P-value,size,p2_value,p4_value,cascade_value,rep_num
021C,4720.0,5920.13,666.3389025863642,-1.801080494237617,0.0,500,0.5,0.5,1,6
021D,41419.0,42827.6,607.08335506749,-2.320274453651267,0.0,500,0.5,0.5,1,6
021U,1007.0,1257.28,64.44828624564039,-3.883423665387692,0.0,500,0.5,0.5,1,6
030C,26.0,38.53,10.411969074099288,-1.203422706197765,0.09,500,0.5,0.5,1,6
030T,841.0,522.39,62.48310091536751,5.099138732431875,0.0,500,0.5,0.5,1,6
