,N_real,mean(N_rand),sd(N_rand),Z-score,P-value,size,p2_value,p4_value,cascade_value,rep_num
021C,1666.0,4400.87,537.4621038733801,-5.08848899353154,0.0,500,0.9,0.9,1,5
021D,57125.0,59844.62,518.2662207784722,-5.247534743659239,0.0,500,0.9,0.9,1,5
021U,772.0,754.11,30.904981799056284,0.5788710738068216,0.29,500,0.9,0.9,1,5
030C,0.0,12.63,5.070808614018084,-2.4907270144419926,0.0,500,0.9,0.9,1,5
030T,371.0,364.43,52.73144318146432,0.12459359356789651,0.38,500,0.9,0.9,1,5
