,N_real,mean(N_rand),sd(N_rand),Z-score,P-value,size,p2_value,p4_value,cascade_value,rep_num
021C,2553.0,4843.03,563.8646726830827,-4.06131135881091,0.0,500,0.7,0.9,3,0
021D,52768.0,55056.62,537.1192005504923,-4.260916380673788,0.0,500,0.7,0.9,3,0
021U,687.0,742.3,35.677303709781654,-1.5500050241980126,0.07,500,0.7,0.9,3,0
030C,0.0,17.18,6.145534964508786,-2.7955255480957466,0.0,500,0.7,0.9,3,0
030T,479.0,371.68,54.176725630107995,1.9809244422176435,0.04,500,0.7,0.9,3,0
