,N_real,mean(N_rand),sd(N_rand),Z-score,P-value,size,p2_value,p4_value,cascade_value,rep_num
021C,1737.0,4066.3,592.9153480894217,-3.9285540634186824,0.0,500,0.7,0.7,1,0
021D,53327.0,55673.74,572.8255165405955,-4.096779791117576,0.0,500,0.7,0.7,1,0
021U,590.0,670.42,31.284238843225832,-2.5706235143839464,0.0,500,0.7,0.7,1,0
030C,0.0,15.72,5.0001599974400825,-3.1438993968289264,0.0,500,0.7,0.7,1,0
030T,370.0,363.53,48.24239940135648,0.1341143906664415,0.41,500,0.7,0.7,1,0
