,N_real,mean(N_rand),sd(N_rand),Z-score,P-value,size,p2_value,p4_value,cascade_value,rep_num
021C,3850.0,4860.03,499.9602075165583,-2.0202207792038096,0.01,500,0.5,0.5,1,2
021D,44023.0,45273.09,477.1916406434631,-2.619681263306139,0.0,500,0.5,0.5,1,2
021U,708.0,992.52,49.804513851658065,-5.712735212062067,0.0,500,0.5,0.5,1,2
030C,4.0,30.67,7.803915683808994,-3.417515139910213,0.0,500,0.5,0.5,1,2
030T,845.0,507.8,53.7469999162744,6.273838549598692,0.0,500,0.5,0.5,1,2
