,N_real,mean(N_rand),sd(N_rand),Z-score,P-value,size,p2_value,p4_value,cascade_value,rep_num
021C,2071.0,5300.82,678.3133697635628,-4.761545539233299,0.0,500,0.9,0.9,1,6
021D,59065.0,62201.79,652.0698627447829,-4.810512154013972,0.0,500,0.9,0.9,1,6
021U,739.0,778.51,33.6239483106907,-1.1750553395728909,0.11,500,0.9,0.9,1,6
030C,2.0,13.15,4.960594722409804,-2.2477143616730393,0.01,500,0.9,0.9,1,6
030T,351.0,354.65,56.35146404486755,-0.06477205272065006,0.51,500,0.9,0.9,1,6
