,N_real,mean(N_rand),sd(N_rand),Z-score,P-value,size,p2_value,p4_value,cascade_value,rep_num
021C,1669.0,3999.98,592.242230510456,-3.935855769675389,0.0,500,0.7,0.7,1,6
021D,54232.0,56592.85,575.209707411132,-4.104329203040688,0.0,500,0.7,0.7,1,6
021U,488.0,567.85,31.392475213018802,-2.5436031870110503,0.01,500,0.7,0.7,1,6
030C,0.0,14.58,4.889130802095604,-2.9821251650192395,0.0,500,0.7,0.7,1,6
030T,371.0,341.87,49.24340666525824,0.5915512750370199,0.26,500,0.7,0.7,1,6
