,N_real,mean(N_rand),sd(N_rand),Z-score,P-value,size,p2_value,p4_value,cascade_value,rep_num
021C,2332.0,5251.95,585.5905971751937,-4.986333479542578,0.0,500,0.7,0.5,1,3
021D,45391.0,48247.03,555.9958355059865,-5.136783079320829,0.0,500,0.7,0.5,1,3
021U,623.0,798.44,42.81946286444985,-4.09720225952802,0.0,500,0.7,0.5,1,3
030C,5.0,23.5,6.980687645210892,-2.650168714065289,0.0,500,0.7,0.5,1,3
030T,470.0,374.86,55.593888153285334,1.7113391986125666,0.04,500,0.7,0.5,1,3
