,N_real,mean(N_rand),sd(N_rand),Z-score,P-value,size,p2_value,p4_value,cascade_value,rep_num
021C,2750.0,5296.6,549.6783604982098,-4.632891128717253,0.0,500,0.7,0.5,1,5
021D,46586.0,49175.59,527.0974690700004,-4.91292436780054,0.0,500,0.7,0.5,1,5
021U,813.0,885.59,45.252203261277785,-1.6041207890117284,0.06,500,0.7,0.5,1,5
030C,1.0,20.51,7.351863709291679,-2.653748868513737,0.0,500,0.7,0.5,1,5
030T,426.0,389.4,51.68326615066041,0.7081595790271538,0.24,500,0.7,0.5,1,5
