,N_real,mean(N_rand),sd(N_rand),Z-score,P-value,size,p2_value,p4_value,cascade_value,rep_num
021C,1342.0,3355.71,536.3019540333598,-3.7548063825900964,0.0,500,0.9,0.5,1,2
021D,61454.0,63436.8,521.7508984180095,-3.800280950185254,0.0,500,0.9,0.5,1,2
021U,642.0,631.88,36.197314817538604,0.279578749169996,0.31,500,0.9,0.5,1,2
030C,0.0,7.63,3.2974383997278855,-2.3139173731432408,0.0,500,0.9,0.5,1,2
030T,410.0,354.61,57.9425396405784,0.9559470527800128,0.19,500,0.9,0.5,1,2
