,N_real,mean(N_rand),sd(N_rand),Z-score,P-value,size,p2_value,p4_value,cascade_value,rep_num
021C,1773.0,3609.28,568.5209596839856,-3.229924893218894,0.0,500,0.9,0.5,1,3
021D,60641.0,62434.86,554.9915318272883,-3.2322294974371686,0.0,500,0.9,0.5,1,3
021U,618.0,631.68,31.991211293103607,-0.4276174438868143,0.36,500,0.9,0.5,1,3
030C,1.0,11.15,4.825712382643625,-2.1033164008087075,0.01,500,0.9,0.5,1,3
030T,412.0,359.33,51.19336968788048,1.0288441710542278,0.2,500,0.9,0.5,1,3
