,N_real,mean(N_rand),sd(N_rand),Z-score,P-value,size,p2_value,p4_value,cascade_value,rep_num
021C,6174.0,6757.14,437.6161793169901,-1.3325375695892612,0.11,500,0.5,0.5,10,2
021D,36971.0,37980.91,389.24997353885584,-2.594502424286464,0.0,500,0.5,0.5,10,2
021U,1186.0,1525.31,76.54066827510718,-4.433068166852569,0.0,500,0.5,0.5,10,2
030C,37.0,60.4,12.789057822998533,-1.8296891236131432,0.0,500,0.5,0.5,10,2
030T,1299.0,734.28,71.06589618093899,7.946427616450251,0.0,500,0.5,0.5,10,2
