,N_real,mean(N_rand),sd(N_rand),Z-score,P-value,size,p2_value,p4_value,cascade_value,rep_num
021C,1726.0,3759.53,590.4813706629533,-3.443851239060917,0.0,500,0.9,0.5,1,0
021D,62362.0,64395.55,574.9958847678826,-3.5366340070780113,0.0,500,0.9,0.5,1,0
021U,846.0,832.94,30.201927090833124,0.4324227378180749,0.3,500,0.9,0.5,1,0
030C,0.0,9.18,3.980904419852353,-2.306008643216929,0.0,500,0.9,0.5,1,0
030T,489.0,402.45,53.73813822603087,1.6105879894081445,0.08,500,0.9,0.5,1,0
