,N_real,mean(N_rand),sd(N_rand),Z-score,P-value,size,p2_value,p4_value,cascade_value,rep_num
021C,3378.0,6090.12,629.7248808805318,-4.306833162138514,0.0,500,0.7,0.9,1,1
021D,45195.0,47819.4,590.8604065259408,-4.441658251278987,0.0,500,0.7,0.9,1,1
021U,811.0,917.31,45.59839799817533,-2.331441556439199,0.0,500,0.7,0.9,1,1
030C,1.0,18.54,6.088382379581623,-2.880896584094854,0.0,500,0.7,0.9,1,1
030T,351.0,370.47,54.0741074822322,-0.3600614213817126,0.37,500,0.7,0.9,1,1
