,N_real,mean(N_rand),sd(N_rand),Z-score,P-value,size,p2_value,p4_value,cascade_value,rep_num
021C,4899.0,5287.62,409.9264514519647,-0.9480237213858802,0.22,500,0.5,0.9,1,0
021D,32312.0,32912.72,373.3140790272984,-1.609154419156192,0.04,500,0.5,0.9,1,0
021U,726.0,900.95,57.17068741934104,-3.0601346231288074,0.0,500,0.5,0.9,1,0
030C,33.0,48.88,10.843689409052622,-1.464446223140892,0.07,500,0.5,0.9,1,0
030T,787.0,470.75,47.714646598293065,6.627943881938203,0.0,500,0.5,0.9,1,0
