,N_real,mean(N_rand),sd(N_rand),Z-score,P-value,size,p2_value,p4_value,cascade_value,rep_num
021C,4648.0,5546.05,469.9377698163875,-1.9109977058257803,0.01,500,0.5,0.7,1,0
021D,33884.0,34892.76,425.9410315994457,-2.368309050227024,0.01,500,0.5,0.7,1,0
021U,877.0,1176.99,50.35662717061181,-5.957309233273561,0.0,500,0.5,0.7,1,0
030C,16.0,34.87,10.027616865437173,-1.8818030498393323,0.01,500,0.5,0.7,1,0
030T,1011.0,699.51,74.93190175085643,4.156974435744117,0.0,500,0.5,0.7,1,0
