,N_real,mean(N_rand),sd(N_rand),Z-score,P-value,size,p2_value,p4_value,cascade_value,rep_num
021C,3222.0,4370.09,490.267867496943,-2.341760649869959,0.0,500,0.9,0.7,3,2
021D,46538.0,47730.07,470.99062103188425,-2.530984581791282,0.0,500,0.9,0.7,3,2
021U,694.0,697.39,34.07899499691855,-0.0994747644496709,0.47,500,0.9,0.7,3,2
030C,0.0,14.18,5.0742092980089035,-2.7945240661563107,0.0,500,0.9,0.7,3,2
030T,343.0,331.46,48.160444350109564,0.23961572937550704,0.41,500,0.9,0.7,3,2
