,N_real,mean(N_rand),sd(N_rand),Z-score,P-value,size,p2_value,p4_value,cascade_value,rep_num
021C,5157.0,5859.12,495.99940080608974,-1.4155662262069804,0.08,500,0.5,0.7,1,3
021D,33513.0,34426.11,453.2603202355132,-2.0145376933183794,0.0,500,0.5,0.7,1,3
021U,664.0,1008.6,61.3750763746979,-5.614656964273248,0.0,500,0.5,0.7,1,3
030C,8.0,35.77,9.999854998948734,-2.777040267375818,0.0,500,0.5,0.7,1,3
030T,988.0,601.02,57.586974221606745,6.7199224343828154,0.0,500,0.5,0.7,1,3
