,N_real,mean(N_rand),sd(N_rand),Z-score,P-value,size,p2_value,p4_value,cascade_value,rep_num
021C,1489.0,5076.46,735.215987584601,-4.879464076652975,0.0,500,0.9,0.5,1,2
021D,61165.0,64673.92,709.1706237570758,-4.9479206871405434,0.0,500,0.9,0.5,1,2
021U,563.0,619.12,31.254529271771155,-1.7955797546017482,0.03,500,0.9,0.5,1,2
030C,0.0,12.22,4.59691200698904,-2.6583062676468447,0.0,500,0.9,0.5,1,2
030T,274.0,310.89,46.39200254354191,-0.7951801598858838,0.21,500,0.9,0.5,1,2
