,N_real,mean(N_rand),sd(N_rand),Z-score,P-value,size,p2_value,p4_value,cascade_value,rep_num
021C,3199.0,6850.97,791.9341444211129,-4.611456679481238,0.0,500,0.7,0.9,10,2
021D,50265.0,53774.17,749.7657774932117,-4.680354992638711,0.0,500,0.7,0.9,10,2
021U,718.0,862.14,50.00680353711883,-2.8824077886323685,0.0,500,0.7,0.9,10,2
030C,5.0,21.54,6.535166409510931,-2.5309225448228174,0.0,500,0.7,0.9,10,2
030T,319.0,324.17,46.12527615093485,-0.11208604980666835,0.49,500,0.7,0.9,10,2
