,N_real,mean(N_rand),sd(N_rand),Z-score,P-value,size,p2_value,p4_value,cascade_value,rep_num
021C,2185.0,4230.3,560.3039264542058,-3.6503402946742773,0.0,500,0.7,0.7,1,3
021D,52327.0,54384.4,537.5587595788948,-3.8273025289583202,0.0,500,0.7,0.7,1,3
021U,601.0,707.95,33.55305500248823,-3.1874891866647865,0.0,500,0.7,0.7,1,3
030C,0.0,15.63,5.472942535784567,-2.8558677343684886,0.0,500,0.7,0.7,1,3
030T,435.0,379.51,56.85657305888212,0.9759645545737191,0.18,500,0.7,0.7,1,3
