,N_real,mean(N_rand),sd(N_rand),Z-score,P-value,size,p2_value,p4_value,cascade_value,rep_num
021C,3500.0,6153.28,768.9053008010804,-3.450724032251686,0.0,500,0.7,0.9,1,2
021D,54981.0,57714.52,733.9213647251318,-3.724540708831599,0.0,500,0.7,0.9,1,2
021U,859.0,894.63,44.134035618782924,-0.8073134373607178,0.18,500,0.7,0.9,1,2
030C,4.0,19.32,6.577051010901466,-2.329311415497172,0.0,500,0.7,0.9,1,2
030T,480.0,350.69,46.04882083180849,2.808106649946579,0.0,500,0.7,0.9,1,2
