,N_real,mean(N_rand),sd(N_rand),Z-score,P-value,size,p2_value,p4_value,cascade_value,rep_num
021C,1795.0,3561.08,457.14789029372105,-3.863257465467641,0.0,500,0.9,0.9,3,2
021D,47563.0,49303.49,444.3368203289032,-3.9170510305935653,0.0,500,0.9,0.9,3,2
021U,705.0,738.35,31.45548441846032,-1.0602284662457102,0.12,500,0.9,0.9,3,2
030C,0.0,10.61,4.069139958271281,-2.607430589462328,0.0,500,0.9,0.9,3,2
030T,375.0,341.62,47.57894071960829,0.7015708944996203,0.26,500,0.9,0.9,3,2
