,N_real,mean(N_rand),sd(N_rand),Z-score,P-value,size,p2_value,p4_value,cascade_value,rep_num
021C,2071.0,5355.36,639.0990458450083,-5.1390469464047825,0.0,500,0.9,0.9,1,0
021D,59065.0,62253.02,615.3625432214735,-5.180718318197351,0.0,500,0.9,0.9,1,0
021U,739.0,780.78,34.6472452007371,-1.2058678765927147,0.11,500,0.9,0.9,1,0
030C,2.0,12.87,4.4556817660151635,-2.439581767914573,0.01,500,0.9,0.9,1,0
030T,351.0,355.01,46.40355482072467,-0.08641579326179234,0.48,500,0.9,0.9,1,0
