,N_real,mean(N_rand),sd(N_rand),Z-score,P-value,size,p2_value,p4_value,cascade_value,rep_num
021C,4951.0,5798.27,459.7778780019761,-1.842781135277585,0.02,500,0.5,0.7,3,0
021D,33175.0,34196.22,411.7941859715846,-2.4799281650627027,0.0,500,0.5,0.7,3,0
021U,828.0,1042.77,60.79175190763958,-3.532880584298645,0.0,500,0.5,0.7,3,0
030C,19.0,37.36,9.483164028951519,-1.9360626837148491,0.0,500,0.5,0.7,3,0
030T,879.0,549.55,66.815922503547,4.930710939185354,0.0,500,0.5,0.7,3,0
