,N_real,mean(N_rand),sd(N_rand),Z-score,P-value,size,p2_value,p4_value,cascade_value,rep_num
021C,5631.0,6136.55,446.299862760454,-1.132758582700591,0.12,500,0.5,0.9,1,3
021D,32583.0,33291.99,400.7383808671189,-1.7692091245811876,0.02,500,0.5,0.9,1,3
021U,932.0,1159.97,62.45325531947874,-3.6502500763782884,0.0,500,0.5,0.9,1,3
030C,35.0,56.81,11.67192786132608,-1.8685859147798147,0.04,500,0.5,0.9,1,3
030T,876.0,530.37,49.49780904242126,6.982733310554891,0.0,500,0.5,0.9,1,3
