,N_real,mean(N_rand),sd(N_rand),Z-score,P-value,size,p2_value,p4_value,cascade_value,rep_num
021C,3699.0,5013.1,481.2214562963709,-2.7307593682827864,0.0,500,0.5,0.7,1,1
021D,38871.0,40327.5,441.1694799053987,-3.301452313320318,0.0,500,0.5,0.7,1,1
021U,793.0,1027.63,59.38815622664169,-3.9507877480585,0.0,500,0.5,0.7,1,1
030C,5.0,30.28,8.033778687516852,-3.146713518419532,0.0,500,0.5,0.7,1,1
030T,851.0,568.16,55.20755745366751,5.123211622564015,0.0,500,0.5,0.7,1,1
