,N_real,mean(N_rand),sd(N_rand),Z-score,P-value,size,p2_value,p4_value,cascade_value,rep_num
021C,5631.0,6148.07,457.0746603127327,-1.1312593869155159,0.11,500,0.5,0.9,1,1
021D,32583.0,33305.89,414.0100698050712,-1.7460686411331938,0.06,500,0.5,0.9,1,1
021U,932.0,1158.22,67.02769278440068,-3.3750229286222435,0.0,500,0.5,0.9,1,1
030C,35.0,55.79,11.856892510265917,-1.7534105147701755,0.01,500,0.5,0.9,1,1
030T,876.0,531.52,51.81862213529032,6.647803160427859,0.0,500,0.5,0.9,1,1
