,N_real,mean(N_rand),sd(N_rand),Z-score,P-value,size,p2_value,p4_value,cascade_value,rep_num
021C,2026.0,5672.59,749.2170325746739,-4.867201146600397,0.0,500,0.9,0.9,10,1
021D,62720.0,66320.59,722.9437473967113,-4.9804566578873715,0.0,500,0.9,0.9,10,1
021U,710.0,748.3,32.36896661927903,-1.1832320892563926,0.12,500,0.9,0.9,10,1
030C,0.0,13.55,4.513036671687922,-3.002413006081815,0.0,500,0.9,0.9,10,1
030T,430.0,352.24,48.06768561102147,1.617718827348125,0.09,500,0.9,0.9,10,1
