,N_real,mean(N_rand),sd(N_rand),Z-score,P-value,size,p2_value,p4_value,cascade_value,rep_num
021C,3276.0,5983.63,685.3301197962921,-3.95084050997907,0.0,500,0.7,0.9,1,1
021D,55970.0,58670.37,656.6619930375139,-4.112267846520144,0.0,500,0.7,0.9,1,1
021U,674.0,764.32,37.04858431843247,-2.4378799260911004,0.01,500,0.7,0.9,1,1
030C,4.0,17.8,5.0990195135927845,-2.70640266490694,0.0,500,0.7,0.9,1,1
030T,440.0,322.42,40.73577788627584,2.88640615451739,0.02,500,0.7,0.9,1,1
