,N_real,mean(N_rand),sd(N_rand),Z-score,P-value,size,p2_value,p4_value,cascade_value,rep_num
021C,4613.0,5529.03,413.89910497607997,-2.2131722175454787,0.01,500,0.5,0.5,3,1
021D,36199.0,37265.02,362.6350225777979,-2.9396498783326925,0.01,500,0.5,0.5,3,1
021U,691.0,1005.53,55.35150494792351,-5.682410989473909,0.0,500,0.5,0.5,3,1
030C,9.0,39.53,9.764686374891925,-3.126572511176828,0.0,500,0.5,0.5,3,1
030T,965.0,700.08,70.07548501437576,3.780494704327091,0.0,500,0.5,0.5,3,1
