,N_real,mean(N_rand),sd(N_rand),Z-score,P-value,size,p2_value,p4_value,cascade_value,rep_num
021C,3607.0,5847.87,580.4190151089125,-3.8607797843761418,0.0,500,0.9,0.7,1,2
021D,43382.0,45611.84,545.7339410372055,-4.08594707479991,0.0,500,0.9,0.7,1,2
021U,673.0,707.09,42.17537077489657,-0.8082916492174842,0.21,500,0.9,0.7,1,2
030C,0.0,16.94,5.735538335675213,-2.9535152602211228,0.0,500,0.9,0.7,1,2
030T,380.0,283.48,52.00816858917453,1.8558623119847861,0.04,500,0.9,0.7,1,2
