,N_real,mean(N_rand),sd(N_rand),Z-score,P-value,size,p2_value,p4_value,cascade_value,rep_num
021C,1611.0,3956.25,534.9689780725607,-4.383899059810345,0.0,500,0.7,0.7,1,5
021D,53767.0,56138.17,521.4808540109599,-4.546993397288108,0.0,500,0.7,0.7,1,5
021U,534.0,616.46,35.82385238915547,-2.3018183277508752,0.0,500,0.7,0.7,1,5
030C,0.0,14.16,5.129756329495583,-2.7603650330487284,0.0,500,0.7,0.7,1,5
030T,367.0,365.45,57.637205865655915,0.026892351506643812,0.46,500,0.7,0.7,1,5
