,N_real,mean(N_rand),sd(N_rand),Z-score,P-value,size,p2_value,p4_value,cascade_value,rep_num
021C,4648.0,5611.14,489.56086485747613,-1.9673549687849239,0.02,500,0.5,0.7,1,4
021D,33884.0,34952.77,444.5179828758337,-2.4043346752487493,0.0,500,0.5,0.7,1,4
021U,877.0,1187.56,52.649657168874334,-5.898613907472853,0.0,500,0.5,0.7,1,4
030C,16.0,34.74,9.477995568684342,-1.9772113063565544,0.01,500,0.5,0.7,1,4
030T,1011.0,701.62,70.88960149415428,4.36425079954092,0.0,500,0.5,0.7,1,4
