,N_real,mean(N_rand),sd(N_rand),Z-score,P-value,size,p2_value,p4_value,cascade_value,rep_num
021C,3841.0,5053.03,547.4659889892705,-2.21389095282,0.02,500,0.5,0.5,1,3
021D,43125.0,44547.58,512.6726280971122,-2.774831192529615,0.0,500,0.5,0.5,1,3
021U,696.0,992.9,53.06948275610004,-5.5945523600542915,0.0,500,0.5,0.5,1,3
030C,4.0,30.58,8.403784861596588,-3.1628605964753618,0.0,500,0.5,0.5,1,3
030T,838.0,498.88,62.06017724757157,5.464373694054665,0.0,500,0.5,0.5,1,3
