,N_real,mean(N_rand),sd(N_rand),Z-score,P-value,size,p2_value,p4_value,cascade_value,rep_num
021C,1718.0,3966.76,672.0735691871837,-3.346002734075208,0.0,500,0.9,0.7,10,2
021D,61490.0,63704.71,652.2667137758909,-3.3954055192841563,0.0,500,0.9,0.7,10,2
021U,799.0,830.62,29.36180512162016,-1.0769092659332806,0.12,500,0.9,0.7,10,2
030C,0.0,11.11,4.4269515470580885,-2.509627648259015,0.0,500,0.9,0.7,10,2
030T,331.0,392.45,53.3056047709807,-1.1527868460363675,0.09,500,0.9,0.7,10,2
