,N_real,mean(N_rand),sd(N_rand),Z-score,P-value,size,p2_value,p4_value,cascade_value,rep_num
021C,1666.0,4544.32,608.8534615159874,-4.727442943057687,0.0,500,0.9,0.9,1,1
021D,57125.0,59979.78,586.1603633818991,-4.870305428925827,0.0,500,0.9,0.9,1,1
021U,772.0,762.66,32.0746691331337,0.2911955213390384,0.41,500,0.9,0.9,1,1
030C,0.0,12.85,4.838129803963511,-2.655984961270153,0.0,500,0.9,0.9,1,1
030T,371.0,367.75,51.733233999045524,0.0628222855748775,0.49,500,0.9,0.9,1,1
