,N_real,mean(N_rand),sd(N_rand),Z-score,P-value,size,p2_value,p4_value,cascade_value,rep_num
021C,4342.0,4885.6,399.69238171373746,-1.360045937501332,0.12,500,0.5,0.9,3,2
021D,32430.0,33158.16,368.09421946018114,-1.9781891741409776,0.01,500,0.5,0.9,3,2
021U,711.0,868.87,48.70229050055038,-3.241531319727476,0.0,500,0.5,0.9,3,2
030C,11.0,30.47,8.078929384516243,-2.4099727913596363,0.01,500,0.5,0.9,3,2
030T,754.0,499.75,49.66495243126686,5.119304208573759,0.0,500,0.5,0.9,3,2
