,N_real,mean(N_rand),sd(N_rand),Z-score,P-value,size,p2_value,p4_value,cascade_value,rep_num
021C,3114.0,9157.74,1088.7130257326767,-5.551270038247878,0.0,750,0.9,0.9,1,4
021D,138277.0,144211.2,1058.1062234010346,-5.608321611535291,0.0,750,0.9,0.9,1,4
021U,1252.0,1353.88,41.49440444204495,-2.4552708098822205,0.0,750,0.9,0.9,1,4
030C,0.0,15.32,5.545953479790469,-2.7623744151165877,0.0,750,0.9,0.9,1,4
030T,643.0,548.49,76.0840975500137,1.2421781034844248,0.14,750,0.9,0.9,1,4
