,N_real,mean(N_rand),sd(N_rand),Z-score,P-value,size,p2_value,p4_value,cascade_value,rep_num
021C,4239.0,11250.2,1218.488588374959,-5.754013674720179,0.0,750,0.9,0.5,1,5
021D,115113.0,121943.62,1170.5492538120727,-5.835397338262389,0.0,750,0.9,0.5,1,5
021U,1044.0,1176.89,55.268778709141024,-2.404431635794788,0.0,750,0.9,0.5,1,5
030C,0.0,22.47,7.9968181172263755,-2.8098675836575757,0.0,750,0.9,0.5,1,5
030T,503.0,457.16,80.50176644024651,0.5694284986159318,0.23,750,0.9,0.5,1,5
