,N_real,mean(N_rand),sd(N_rand),Z-score,P-value,size,p2_value,p4_value,cascade_value,rep_num
021C,3543.0,6118.15,877.7383365787324,-2.9338470164553545,0.0,750,0.9,0.9,1,9
021D,120572.0,123129.61,862.1231918351343,-2.96664099077977,0.0,750,0.9,0.9,1,9
021U,1029.0,1086.3,40.78443330487748,-1.4049478037775591,0.07,750,0.9,0.9,1,9
030C,0.0,14.66,6.668163165370205,-2.198506490683046,0.0,750,0.9,0.9,1,9
030T,683.0,575.85,86.03166568188713,1.2454716429204165,0.14,750,0.9,0.9,1,9
