,N_real,mean(N_rand),sd(N_rand),Z-score,P-value,size,p2_value,p4_value,cascade_value,rep_num
021C,6352.0,7893.09,683.9618424298244,-2.2531812513475393,0.0,750,0.5,0.9,1,4
021D,84268.0,86212.16,646.2119268475319,-3.008548618847623,0.0,750,0.5,0.9,1,4
021U,901.0,1196.77,66.29462346223862,-4.461447769870364,0.0,750,0.5,0.9,1,4
030C,3.0,42.12,10.538766531240741,-3.7120093593528307,0.0,750,0.5,0.9,1,4
030T,1319.0,880.59,79.95599977487619,5.48314074283838,0.0,750,0.5,0.9,1,4
