,N_real,mean(N_rand),sd(N_rand),Z-score,P-value,size,p2_value,p4_value,cascade_value,rep_num
021C,8515.0,9578.73,623.9200406302076,-1.7049139805247318,0.05,750,0.5,0.7,1,6
021D,65021.0,66469.35,578.5337565777817,-2.5034839947239633,0.01,750,0.5,0.7,1,6
021U,978.0,1426.03,77.949272607254,-5.747712390561885,0.0,750,0.5,0.7,1,6
030C,9.0,54.34,10.481622011883466,-4.325666385278547,0.0,750,0.5,0.7,1,6
030T,1494.0,940.38,70.72365657967637,7.827932360599862,0.0,750,0.5,0.7,1,6
