,N_real,mean(N_rand),sd(N_rand),Z-score,P-value,size,p2_value,p4_value,cascade_value,rep_num
021C,3123.0,10856.76,1011.781548754473,-7.643705313187853,0.0,750,0.9,0.5,1,3
021D,116359.0,123874.92,975.3312327614656,-7.7060179634769765,0.0,750,0.9,0.5,1,3
021U,1222.0,1405.1,54.224994236975256,-3.3766716359583606,0.0,750,0.9,0.5,1,3
030C,0.0,21.45,6.168265558485626,-3.4774767390634524,0.0,750,0.9,0.5,1,3
030T,587.0,503.53,71.89276110986418,1.161034834542575,0.15,750,0.9,0.5,1,3
