,N_real,mean(N_rand),sd(N_rand),Z-score,P-value,size,p2_value,p4_value,cascade_value,rep_num
021C,7354.0,11369.78,812.3999086656769,-4.943107399649642,0.0,750,0.7,0.5,1,6
021D,85461.0,89525.78,765.4617113873169,-5.3102329476846375,0.0,750,0.7,0.5,1,6
021U,1356.0,1546.69,62.68408011608689,-3.042080216330118,0.0,750,0.7,0.5,1,6
030C,3.0,37.6,9.079647570252932,-3.810720595957685,0.0,750,0.7,0.5,1,6
030T,800.0,614.2,69.30122654037228,2.681049229219051,0.0,750,0.7,0.5,1,6
