,N_real,mean(N_rand),sd(N_rand),Z-score,P-value,size,p2_value,p4_value,cascade_value,rep_num
021C,5581.0,8086.22,704.0329194007905,-3.558384744469361,0.0,750,0.7,0.9,1,0
021D,91374.0,93882.43,665.2640416406106,-3.770578060725998,0.0,750,0.7,0.9,1,0
021U,1155.0,1316.65,67.13186650168458,-2.407947349355223,0.0,750,0.7,0.9,1,0
030C,3.0,29.15,6.8049614253131505,-3.8427844576351333,0.0,750,0.7,0.9,1,0
030T,768.0,634.16,72.90976889278967,1.8356936530248142,0.07,750,0.7,0.9,1,0
