,N_real,mean(N_rand),sd(N_rand),Z-score,P-value,size,p2_value,p4_value,cascade_value,rep_num
021C,10161.0,11570.28,775.6074790768846,-1.8170015607344359,0.03,750,0.5,0.5,1,5
021D,75567.0,77387.01,723.0801822066485,-2.517023761383984,0.01,750,0.5,0.5,1,5
021U,1920.0,2613.13,96.98336506844872,-7.146895753831641,0.0,750,0.5,0.5,1,5
030C,20.0,63.59,15.54161831985331,-2.8047272235682743,0.0,750,0.5,0.5,1,5
030T,2061.0,1227.05,104.03272321726466,8.016227723447718,0.0,750,0.5,0.5,1,5
