,N_real,mean(N_rand),sd(N_rand),Z-score,P-value,size,p2_value,p4_value,cascade_value,rep_num
021C,7015.0,8599.87,657.9763469152975,-2.4087036067939747,0.01,750,0.5,0.7,1,1
021D,68845.0,70800.09,605.3195700619631,-3.2298476650934402,0.0,750,0.5,0.7,1,1
021U,828.0,1154.24,68.64795991142053,-4.752362640069156,0.0,750,0.5,0.7,1,1
030C,5.0,46.36,9.818879773171684,-4.212293149062557,0.0,750,0.5,0.7,1,1
030T,1242.0,818.21,90.68795895817703,4.673056984284331,0.0,750,0.5,0.7,1,1
