,N_real,mean(N_rand),sd(N_rand),Z-score,P-value,size,p2_value,p4_value,cascade_value,rep_num
021C,4125.0,11142.51,1327.227407003035,-5.287345607069695,0.0,750,0.9,0.5,1,7
021D,117032.0,123933.8,1271.7442352926157,-5.427034625725642,0.0,750,0.9,0.5,1,7
021U,881.0,1011.01,60.39395582341001,-2.1526988624514853,0.0,750,0.9,0.5,1,7
030C,0.0,20.5,6.846166810705097,-2.994376352025912,0.0,750,0.9,0.5,1,7
030T,475.0,400.2,63.83823305825437,1.1717116282297897,0.13,750,0.9,0.5,1,7
