,N_real,mean(N_rand),sd(N_rand),Z-score,P-value,size,p2_value,p4_value,cascade_value,rep_num
021C,7266.0,7774.54,583.1384984718467,-0.8720741321875729,0.22,750,0.7,0.7,1,7
021D,71155.0,71874.34,542.0483967322475,-1.3270770734431758,0.05,750,0.7,0.7,1,7
021U,912.0,1181.91,72.26743319089174,-3.7348773587549853,0.0,750,0.7,0.7,1,7
030C,8.0,39.52,11.537313378772373,-2.7320051874463243,0.0,750,0.7,0.7,1,7
030T,1134.0,769.79,83.48596229307057,4.362529819342214,0.0,750,0.7,0.7,1,7
