,N_real,mean(N_rand),sd(N_rand),Z-score,P-value,size,p2_value,p4_value,cascade_value,rep_num
021C,3982.0,12556.95,1422.0568932008312,-6.029962683630124,0.0,750,0.9,0.5,1,6
021D,114064.0,122486.45,1359.014704666583,-6.197467894261187,0.0,750,0.9,0.5,1,6
021U,1159.0,1287.5,64.303265857964,-1.9983432922961748,0.0,750,0.9,0.5,1,6
030C,0.0,23.88,6.380094043194034,-3.742891537072873,0.0,750,0.9,0.5,1,6
030T,520.0,439.04,61.51632628823018,1.316073388723961,0.08,750,0.9,0.5,1,6
