,N_real,mean(N_rand),sd(N_rand),Z-score,P-value,size,p2_value,p4_value,cascade_value,rep_num
021C,5457.0,8097.9,615.22695812196,-4.29256222461643,0.0,750,0.7,0.9,1,6
021D,95911.0,98529.1,590.54374097098,-4.433371854378289,0.0,750,0.7,0.9,1,6
021U,1091.0,1279.47,57.71836016381616,-3.265338784142252,0.0,750,0.7,0.9,1,6
030C,5.0,28.13,6.932034333440653,-3.336682839036031,0.0,750,0.7,0.9,1,6
030T,770.0,639.92,70.99488432274539,1.8322446925704041,0.01,750,0.7,0.9,1,6
