,N_real,mean(N_rand),sd(N_rand),Z-score,P-value,size,p2_value,p4_value,cascade_value,rep_num
021C,10099.0,11719.89,623.3721985298992,-2.6001961650239616,0.01,750,0.5,0.5,1,7
021D,68876.0,71088.47,569.0035229240676,-3.888323904622381,0.0,750,0.5,0.5,1,7
021U,1534.0,2146.65,87.34155654669775,-7.01441586597375,0.0,750,0.5,0.5,1,7
030C,13.0,67.34,13.41508106572599,-4.050665048818269,0.0,750,0.5,0.5,1,7
030T,1959.0,1081.77,85.7456535341588,10.230606028917078,0.0,750,0.5,0.5,1,7
