,N_real,mean(N_rand),sd(N_rand),Z-score,P-value,size,p2_value,p4_value,cascade_value,rep_num
021C,6794.0,8509.44,617.8557164905088,-2.7764410916902995,0.0,750,0.5,0.9,1,9
021D,77700.0,79616.05,583.7894376399765,-3.282090898639438,0.0,750,0.5,0.9,1,9
021U,918.0,1259.58,67.55459717887452,-5.056354626696196,0.0,750,0.5,0.9,1,9
030C,4.0,38.39,9.777417859537353,-3.517288561668087,0.0,750,0.5,0.9,1,9
030T,1268.0,880.53,81.36503610273887,4.762119192213536,0.0,750,0.5,0.9,1,9
