,N_real,mean(N_rand),sd(N_rand),Z-score,P-value,size,p2_value,p4_value,cascade_value,rep_num
021C,4889.0,9160.11,841.9139729806128,-5.073095514591672,0.0,750,0.7,0.5,1,8
021D,101154.0,105331.5,802.9652732217004,-5.202591119836117,0.0,750,0.7,0.5,1,8
021U,1159.0,1422.31,60.24528114300738,-4.3706327699752485,0.0,750,0.7,0.5,1,8
030C,4.0,32.57,8.704315021872773,-3.2822801022489916,0.0,750,0.7,0.5,1,8
030T,771.0,607.14,67.54509900799613,2.425934707425655,0.01,750,0.7,0.5,1,8
