,N_real,mean(N_rand),sd(N_rand),Z-score,P-value,size,p2_value,p4_value,cascade_value,rep_num
021C,3978.0,5953.22,673.6446181778639,-2.9321395090229587,0.0,750,0.9,0.9,1,1
021D,118807.0,120809.34,663.3693725218251,-3.018439021970552,0.0,750,0.9,0.9,1,1
021U,984.0,998.78,42.81415186594265,-0.34521295776869076,0.4,750,0.9,0.9,1,1
030C,0.0,16.16,5.631553959610082,-2.869545442679002,0.0,750,0.9,0.9,1,1
030T,643.0,536.5,66.52465708291926,1.6009101688003249,0.06,750,0.9,0.9,1,1
