,N_real,mean(N_rand),sd(N_rand),Z-score,P-value,size,p2_value,p4_value,cascade_value,rep_num
021C,7767.0,9743.07,729.3119395018842,-2.709499040081044,0.0,750,0.5,0.7,1,7
021D,65053.0,67451.99,679.5031934435629,-3.5305058506678777,0.0,750,0.5,0.7,1,7
021U,1112.0,1512.32,68.53376977811742,-5.841207937284965,0.0,750,0.5,0.7,1,7
030C,7.0,57.64,14.884569190944022,-3.4021811011372822,0.0,750,0.5,0.7,1,7
030T,1368.0,976.56,93.44969983900431,4.188777499279026,0.0,750,0.5,0.7,1,7
