,N_real,mean(N_rand),sd(N_rand),Z-score,P-value,size,p2_value,p4_value,cascade_value,rep_num
021C,10351.0,11342.99,729.4557902299495,-1.359904209804532,0.09,750,0.5,0.5,1,4
021D,65099.0,66644.82,662.3390125909842,-2.333880340149314,0.01,750,0.5,0.5,1,4
021U,1591.0,2212.43,88.94326899771562,-6.986813133841082,0.0,750,0.5,0.5,1,4
030C,14.0,72.61,15.405774891254255,-3.8044175261364144,0.0,750,0.5,0.5,1,4
030T,2033.0,1118.76,96.43931978192298,9.479950730338615,0.0,750,0.5,0.5,1,4
