,N_real,mean(N_rand),sd(N_rand),Z-score,P-value,size,p2_value,p4_value,cascade_value,rep_num
021C,3139.0,7542.17,834.9281532563147,-5.2737112562645505,0.0,750,0.9,0.7,1,0
021D,119062.0,123419.86,809.8148309335907,-5.3813042606,0.0,750,0.9,0.7,1,0
021U,1000.0,1009.47,40.4530480928199,-0.2340985524322178,0.41,750,0.9,0.7,1,0
030C,0.0,15.34,5.290028355311529,-2.8997954206800522,0.0,750,0.9,0.7,1,0
030T,588.0,483.65,81.22085631166419,1.2847685279207557,0.13,750,0.9,0.7,1,0
