,N_real,mean(N_rand),sd(N_rand),Z-score,P-value,size,p2_value,p4_value,cascade_value,rep_num
021C,8755.0,10420.33,603.6559790973664,-2.7587401726561733,0.0,750,0.5,0.5,1,3
021D,67055.0,69247.79,554.5674583853618,-3.9540545822583266,0.0,750,0.5,0.5,1,3
021U,1436.0,1881.63,93.31769982163085,-4.775407032661386,0.0,750,0.5,0.5,1,3
030C,8.0,67.03,14.276172456229295,-4.1348617902302465,0.0,750,0.5,0.5,1,3
030T,1681.0,1066.81,93.2990562653235,6.583024787017876,0.0,750,0.5,0.5,1,3
