,N_real,mean(N_rand),sd(N_rand),Z-score,P-value,size,p2_value,p4_value,cascade_value,rep_num
021C,8372.0,9281.74,614.8728262006705,-1.479557985382649,0.08,750,0.5,0.7,1,8
021D,68303.0,69595.84,564.5490008847771,-2.2900403649175205,0.02,750,0.5,0.7,1,8
021U,1042.0,1466.63,73.33848307675855,-5.790002495082533,0.0,750,0.5,0.7,1,8
030C,9.0,46.96,11.245372381562115,-3.3756107589855473,0.0,750,0.5,0.7,1,8
030T,1430.0,923.57,80.1381625694026,6.3194610877359825,0.0,750,0.5,0.7,1,8
