,N_real,mean(N_rand),sd(N_rand),Z-score,P-value,size,p2_value,p4_value,cascade_value,rep_num
021C,7442.0,9287.68,696.2371274213981,-2.650935905753416,0.01,750,0.5,0.9,1,1
021D,74000.0,76213.97,656.8974418430931,-3.3703434645568784,0.0,750,0.5,0.9,1,1
021U,1117.0,1421.32,69.00722860686408,-4.409972783195202,0.0,750,0.5,0.9,1,1
030C,10.0,54.52,12.435015078398578,-3.580212787786457,0.0,750,0.5,0.9,1,1
030T,1239.0,794.18,76.52860641616309,5.81246700849439,0.0,750,0.5,0.9,1,1
