,N_real,mean(N_rand),sd(N_rand),Z-score,P-value,size,p2_value,p4_value,cascade_value,rep_num
021C,3139.0,7625.14,894.0136130954608,-5.017977281651281,0.0,750,0.9,0.7,1,5
021D,119062.0,123500.65,876.0386563959379,-5.066728468650913,0.0,750,0.9,0.7,1,5
021U,1000.0,1014.15,42.61018070837062,-0.3320802626218447,0.45,750,0.9,0.7,1,5
030C,0.0,16.8,6.058052492344384,-2.7731684433620067,0.0,750,0.9,0.7,1,5
030T,588.0,502.72,76.59282995163451,1.1134201472102687,0.13,750,0.9,0.7,1,5
