,N_real,mean(N_rand),sd(N_rand),Z-score,P-value,size,p2_value,p4_value,cascade_value,rep_num
021C,7886.0,9570.37,675.6142191369273,-2.493094361086305,0.01,750,0.7,0.7,1,8
021D,68215.0,69909.06,619.3805424777242,-2.7350875331394895,0.0,750,0.7,0.7,1,8
021U,1203.0,1556.98,73.73424984361067,-4.80075406952382,0.0,750,0.7,0.7,1,8
030C,7.0,41.77,10.482227816642796,-3.317042961496709,0.0,750,0.7,0.7,1,8
030T,993.0,779.02,84.30824159001303,2.5380674055636767,0.01,750,0.7,0.7,1,8
