,N_real,mean(N_rand),sd(N_rand),Z-score,P-value,size,p2_value,p4_value,cascade_value,rep_num
021C,6344.0,8522.76,858.7092886419712,-2.5372498339288474,0.0,750,0.7,0.9,1,9
021D,105674.0,107950.53,816.3640787663307,-2.788620983226301,0.0,750,0.7,0.9,1,9
021U,1137.0,1237.89,62.516061136319195,-1.6138252821143793,0.02,750,0.7,0.9,1,9
030C,2.0,25.91,7.676060187361744,-3.1148791719177296,0.0,750,0.7,0.9,1,9
030T,772.0,561.36,60.69407219819741,3.470520140948063,0.0,750,0.7,0.9,1,9
