,N_real,mean(N_rand),sd(N_rand),Z-score,P-value,size,p2_value,p4_value,cascade_value,rep_num
021C,5198.0,9395.65,854.2325722541842,-4.913942802395216,0.0,750,0.7,0.5,1,7
021D,102379.0,106519.95,815.0020045987618,-5.080907748243701,0.0,750,0.7,0.5,1,7
021U,1090.0,1392.85,61.15576424181125,-4.952108828245924,0.0,750,0.7,0.5,1,7
030C,3.0,32.72,8.685712406014835,-3.421711266817788,0.0,750,0.7,0.5,1,7
030T,844.0,620.48,67.84975755299351,3.294337490084935,0.01,750,0.7,0.5,1,7
