,N_real,mean(N_rand),sd(N_rand),Z-score,P-value,size,p2_value,p4_value,cascade_value,rep_num
021C,5166.0,7678.11,874.0177331725026,-2.8742094177901434,0.0,750,0.9,0.7,1,1
021D,116565.0,119063.7,842.9686648980495,-2.9641671203783067,0.0,750,0.9,0.7,1,1
021U,1019.0,1023.74,47.477072361298774,-0.09983766403978711,0.43,750,0.9,0.7,1,1
030C,0.0,15.83,5.140145912325836,-3.0796791122291647,0.0,750,0.9,0.7,1,1
030T,565.0,470.14,69.57600448430479,1.363401084944435,0.11,750,0.9,0.7,1,1
