,N_real,mean(N_rand),sd(N_rand),Z-score,P-value,size,p2_value,p4_value,cascade_value,rep_num
021C,7601.0,8728.36,655.7828835826688,-1.7191055579874466,0.06,750,0.7,0.7,1,6
021D,73033.0,74163.33,604.9725788000643,-1.8683987334466632,0.01,750,0.7,0.7,1,6
021U,900.0,1186.5,57.12258747640901,-5.015529104285084,0.0,750,0.7,0.7,1,6
030C,11.0,38.71,9.781916990038303,-2.832778076957643,0.0,750,0.7,0.7,1,6
030T,974.0,703.07,73.61783139973629,3.6802225065403174,0.0,750,0.7,0.7,1,6
