,N_real,mean(N_rand),sd(N_rand),Z-score,P-value,size,p2_value,p4_value,cascade_value,rep_num
021C,10499.0,11807.56,713.3203112207026,-1.8344633952181528,0.04,750,0.5,0.5,1,9
021D,66028.0,67887.27,632.433978451506,-2.9398641808467754,0.01,750,0.5,0.5,1,9
021U,1743.0,2331.56,91.80733304044944,-6.410816876040675,0.0,750,0.5,0.5,1,9
030C,13.0,73.25,13.670680304944593,-4.407242262713727,0.0,750,0.5,0.5,1,9
030T,1869.0,1117.67,94.68231672281789,7.935272667646226,0.0,750,0.5,0.5,1,9
