,N_real,mean(N_rand),sd(N_rand),Z-score,P-value,size,p2_value,p4_value,cascade_value,rep_num
021C,6549.0,8347.35,719.1518806900251,-2.5006539623792494,0.0,750,0.5,0.7,1,9
021D,67552.0,69593.22,687.2383222725578,-2.970177788179944,0.0,750,0.5,0.7,1,9
021U,731.0,1159.08,64.5066942262584,-6.636210476055424,0.0,750,0.5,0.7,1,9
030C,3.0,46.78,11.896705426293448,-3.6800104256796877,0.0,750,0.5,0.7,1,9
030T,1260.0,839.85,84.92660066198341,4.947213202047732,0.0,750,0.5,0.7,1,9
