,N_real,mean(N_rand),sd(N_rand),Z-score,P-value,size,p2_value,p4_value,cascade_value,rep_num
021C,4314.0,11839.47,1094.138048465549,-6.877989491868908,0.0,750,0.9,0.5,1,8
021D,117241.0,124613.28,1050.4949793311723,-7.0179107421282225,0.0,750,0.9,0.5,1,8
021U,904.0,1078.65,52.31297640165392,-3.3385597993708953,0.0,750,0.9,0.5,1,8
030C,1.0,21.04,6.02481534986758,-3.326243019288626,0.0,750,0.9,0.5,1,8
030T,491.0,391.13,58.7878652444533,1.698819978999371,0.07,750,0.9,0.5,1,8
