,N_real,mean(N_rand),sd(N_rand),Z-score,P-value,size,p2_value,p4_value,cascade_value,rep_num
021C,6616.0,9260.2,709.5348335353241,-3.7266669302548903,0.0,750,0.5,0.9,1,7
021D,75082.0,77876.44,654.3764408962169,-4.270386012327721,0.0,750,0.5,0.9,1,7
021U,1053.0,1529.97,73.98262701472555,-6.4470541158948516,0.0,750,0.5,0.9,1,7
030C,3.0,46.34,10.750088371729788,-4.031594764743892,0.0,750,0.5,0.9,1,7
030T,1256.0,926.72,92.08768430143088,3.5757224486410886,0.0,750,0.5,0.9,1,7
