,N_real,mean(N_rand),sd(N_rand),Z-score,P-value,size,p2_value,p4_value,cascade_value,rep_num
021C,3514.0,5565.94,706.6844107520698,-2.9036157707459234,0.0,750,0.9,0.9,1,0
021D,122423.0,124466.75,693.5664982537724,-2.946725375498461,0.0,750,0.9,0.9,1,0
021U,926.0,967.01,41.7618234755141,-0.9819973503801883,0.15,750,0.9,0.9,1,0
030C,0.0,13.36,5.447054249775745,-2.4527018434872447,0.0,750,0.9,0.9,1,0
030T,677.0,553.88,83.29997358943159,1.4780316811003222,0.06,750,0.9,0.9,1,0
