,N_real,mean(N_rand),sd(N_rand),Z-score,P-value,size,p2_value,p4_value,cascade_value,rep_num
021C,9045.0,9904.59,707.0280488778363,-1.215779206163466,0.1,750,0.5,0.5,1,8
021D,68611.0,69999.03,643.4702705642275,-2.1571004341551063,0.01,750,0.5,0.5,1,8
021U,1144.0,1580.92,81.57471176780217,-5.356071637049338,0.0,750,0.5,0.5,1,8
030C,16.0,58.15,12.085011377735645,-3.4877915032544715,0.0,750,0.5,0.5,1,8
030T,1702.0,984.49,91.79460714007115,7.816472256427197,0.0,750,0.5,0.5,1,8
