,N_real,mean(N_rand),sd(N_rand),Z-score,P-value,size,p2_value,p4_value,cascade_value,rep_num
021C,4362.0,9190.74,1197.2852844664885,-4.033073873576999,0.0,750,0.9,0.7,1,4
021D,113084.0,117887.99,1154.8466088186779,-4.159851155396412,0.0,750,0.9,0.7,1,4
021U,1022.0,1042.9,49.88717270000376,-0.4189453694977289,0.38,750,0.9,0.7,1,4
030C,0.0,18.67,6.305640332273955,-2.9608412494512164,0.0,750,0.9,0.7,1,4
030T,583.0,441.12,69.18544355570758,2.0507203930225484,0.04,750,0.9,0.7,1,4
