,N_real,mean(N_rand),sd(N_rand),Z-score,P-value,size,p2_value,p4_value,cascade_value,rep_num
021C,4159.0,6778.73,878.1719860596784,-2.9831627990715353,0.0,750,0.9,0.9,1,3
021D,117768.0,120443.99,857.3392968364392,-3.121273001102763,0.0,750,0.9,0.9,1,3
021U,1457.0,1432.72,50.38314797628271,0.48190716490024615,0.26,750,0.9,0.9,1,3
030C,0.0,17.16,5.640425515863142,-3.04232366011025,0.0,750,0.9,0.9,1,3
030T,725.0,641.25,78.15335885296294,1.0716110123630966,0.19,750,0.9,0.9,1,3
