,N_real,mean(N_rand),sd(N_rand),Z-score,P-value,size,p2_value,p4_value,cascade_value,rep_num
021C,4872.0,9079.35,1062.0514335473588,-3.9615313035707014,0.0,750,0.9,0.7,1,2
021D,115236.0,119377.63,1027.979617064463,-4.028902841310218,0.0,750,0.9,0.7,1,2
021U,1104.0,1127.06,48.23542681473857,-0.47807185553821724,0.33,750,0.9,0.7,1,2
030C,0.0,18.93,5.6872752702854115,-3.3284831664302423,0.0,750,0.9,0.7,1,2
030T,536.0,459.27,74.47991071423219,1.0302106872066625,0.15,750,0.9,0.7,1,2
