,N_real,mean(N_rand),sd(N_rand),Z-score,P-value,size,p2_value,p4_value,cascade_value,rep_num
021C,3697.0,10771.67,1137.1313121623202,-6.221506631936034,0.0,750,0.9,0.5,1,0
021D,119089.0,125963.53,1098.0286194357595,-6.260793096205991,0.0,750,0.9,0.5,1,0
021U,1079.0,1253.36,53.633109177074566,-3.25097691846159,0.0,750,0.9,0.5,1,0
030C,0.0,23.55,7.160132680334911,-3.289045196701364,0.0,750,0.9,0.5,1,0
030T,521.0,482.9,66.47713892760427,0.5731293586730942,0.26,750,0.9,0.5,1,0
