,N_real,mean(N_rand),sd(N_rand),Z-score,P-value,size,p2_value,p4_value,cascade_value,rep_num
021C,6927.0,9647.91,777.925820306795,-3.4976471136116025,0.0,750,0.5,0.7,1,3
021D,67261.0,70265.83,716.1005104732156,-4.196100904905571,0.0,750,0.5,0.7,1,3
021U,1266.0,1593.26,82.67727861994491,-3.958282196301662,0.0,750,0.5,0.7,1,3
030C,0.0,45.81,11.719808018905429,-3.9087670997769832,0.0,750,0.5,0.7,1,3
030T,1171.0,882.21,92.82642888746719,3.111075191205492,0.0,750,0.5,0.7,1,3
