,N_real,mean(N_rand),sd(N_rand),Z-score,P-value,size,p2_value,p4_value,cascade_value,rep_num
021C,4109.0,7706.55,821.6289232372483,-4.3785581279509005,0.0,750,0.7,0.5,1,9
021D,105305.0,108771.23,796.8737146499437,-4.349785839683099,0.0,750,0.7,0.5,1,9
021U,969.0,1238.23,56.55614113427472,-4.760402576986261,0.0,750,0.7,0.5,1,9
030C,8.0,31.09,8.265706261415293,-2.793469701165793,0.0,750,0.7,0.5,1,9
030T,745.0,656.38,77.2750645421924,1.146812371170693,0.13,750,0.7,0.5,1,9
