,N_real,mean(N_rand),sd(N_rand),Z-score,P-value,size,p2_value,p4_value,cascade_value,rep_num
021C,8987.0,9556.24,666.6299291210979,-0.8539070556740537,0.18,750,0.5,0.7,1,2
021D,64823.0,65973.29,633.3394239268546,-1.8162299022346073,0.05,750,0.5,0.7,1,2
021U,1007.0,1363.79,69.64988083263316,-5.12262182985434,0.0,750,0.5,0.7,1,2
030C,11.0,62.33,14.384752344062097,-3.5683617466788426,0.0,750,0.5,0.7,1,2
030T,1413.0,925.86,73.02876419603442,6.67052229847883,0.0,750,0.5,0.7,1,2
