,N_real,mean(N_rand),sd(N_rand),Z-score,P-value,size,p2_value,p4_value,cascade_value,rep_num
021C,3799.0,5621.26,736.480327232167,-2.474281976883754,0.01,750,0.9,0.9,1,2
021D,125660.0,127528.68,720.7657577882012,-2.5926314892294164,0.01,750,0.9,0.9,1,2
021U,861.0,885.99,37.506398120854,-0.6662863205226117,0.26,750,0.9,0.9,1,2
030C,0.0,12.83,4.686267171214206,-2.7377867140843706,0.0,750,0.9,0.9,1,2
030T,705.0,559.23,77.74713563855583,1.874924378920922,0.03,750,0.9,0.9,1,2
