,N_real,mean(N_rand),sd(N_rand),Z-score,P-value,size,p2_value,p4_value,cascade_value,rep_num
021C,6456.0,8815.15,675.8441591816859,-3.490671581532147,0.0,750,0.5,0.9,1,0
021D,80849.0,83257.4,636.9199792752619,-3.781322738125538,0.0,750,0.5,0.9,1,0
021U,952.0,1355.31,69.06311533662523,-5.839730774295356,0.0,750,0.5,0.9,1,0
030C,4.0,34.68,9.953773153935144,-3.0822482615922295,0.0,750,0.5,0.9,1,0
030T,1147.0,896.06,85.53967734332413,2.9336093821446294,0.0,750,0.5,0.9,1,0
