,N_real,mean(N_rand),sd(N_rand),Z-score,P-value,size,p2_value,p4_value,cascade_value,rep_num
021C,4001.0,10427.67,1181.027349852661,-5.441592864722192,0.0,750,0.9,0.5,1,1
021D,120548.0,126862.21,1131.7205246437832,-5.579301481686433,0.0,750,0.9,0.5,1,1
021U,1014.0,1143.75,58.110648765953385,-2.232809351734851,0.0,750,0.9,0.5,1,1
030C,0.0,20.54,6.805027553213874,-3.0183566252129843,0.0,750,0.9,0.5,1,1
030T,554.0,458.58,69.92684463065669,1.3645689363504734,0.11,750,0.9,0.5,1,1
