,N_real,mean(N_rand),sd(N_rand),Z-score,P-value,size,p2_value,p4_value,cascade_value,rep_num
021C,5001.0,10140.96,950.6922942782275,-5.406544295073196,0.0,750,0.7,0.5,1,0
021D,101816.0,106852.71,899.620445465753,-5.59870557120608,0.0,750,0.7,0.5,1,0
021U,1283.0,1627.54,69.86063555393696,-4.9318188600502015,0.0,750,0.7,0.5,1,0
030C,1.0,34.87,8.97625200181011,-3.7732897865579007,0.0,750,0.7,0.5,1,0
030T,831.0,657.32,72.96915512735501,2.380183787202574,0.02,750,0.7,0.5,1,0
