,N_real,mean(N_rand),sd(N_rand),Z-score,P-value,size,p2_value,p4_value,cascade_value,rep_num
021C,9380.0,11369.65,806.9645267916056,-2.465597847170073,0.0,750,0.5,0.5,1,1
021D,71874.0,74185.06,748.1677194319466,-3.0889597879933817,0.0,750,0.5,0.5,1,1
021U,1534.0,2201.86,81.20258862868843,-8.224614649341964,0.0,750,0.5,0.5,1,1
030C,33.0,64.67,12.062383678195616,-2.6255175465233953,0.0,750,0.5,0.5,1,1
030T,1810.0,1089.11,93.75061546464643,7.689442852477586,0.0,750,0.5,0.5,1,1
