,N_real,mean(N_rand),sd(N_rand),Z-score,P-value,size,p2_value,p4_value,cascade_value,rep_num
021C,3618.0,10089.32,1186.5644009492278,-5.453829556004776,0.0,750,0.9,0.5,1,4
021D,134549.0,140884.86,1148.2634194295315,-5.51777570615957,0.0,750,0.9,0.5,1,4
021U,1049.0,1148.78,48.08317377212116,-2.0751541999470273,0.01,750,0.9,0.5,1,4
030C,0.0,19.2,6.256196927846821,-3.068957103082753,0.0,750,0.9,0.5,1,4
030T,466.0,477.32,57.91422623155731,-0.195461473571959,0.45,750,0.9,0.5,1,4
