,N_real,mean(N_rand),sd(N_rand),Z-score,P-value,size,p2_value,p4_value,cascade_value,rep_num
021C,6040.0,9094.65,870.2412352330817,-3.5101186617316005,0.0,750,0.7,0.9,1,2
021D,93357.0,96330.92,826.9660171978048,-3.5961816303857335,0.0,750,0.7,0.9,1,2
021U,1108.0,1297.91,68.58543504272609,-2.768955243656229,0.01,750,0.7,0.9,1,2
030C,5.0,28.8,7.186097689288673,-3.311950522948691,0.0,750,0.7,0.9,1,2
030T,693.0,626.13,76.38188986926156,0.875469304496884,0.2,750,0.7,0.9,1,2
