,N_real,mean(N_rand),sd(N_rand),Z-score,P-value,size,p2_value,p4_value,cascade_value,rep_num
021C,5633.0,8810.68,897.4152314285733,-3.540924968413484,0.0,750,0.7,0.9,1,8
021D,102459.0,105607.86,864.4819838492876,-3.6424819242374955,0.0,750,0.7,0.9,1,8
021U,1051.0,1230.49,58.88692469470621,-3.04804506145548,0.0,750,0.7,0.9,1,8
030C,4.0,27.83,8.130258298479822,-2.9310261894699803,0.0,750,0.7,0.9,1,8
030T,794.0,596.42,68.7488443539235,2.8739392182775525,0.0,750,0.7,0.9,1,8
