,N_real,mean(N_rand),sd(N_rand),Z-score,P-value,size,p2_value,p4_value,cascade_value,rep_num
021C,3780.0,6206.45,668.5119950307549,-3.6296282161524585,0.0,750,0.9,0.9,1,6
021D,115456.0,117867.0,648.6440934749965,-3.716984436077252,0.0,750,0.9,0.9,1,6
021U,1203.0,1234.97,50.84180464932377,-0.6288132417900955,0.26,750,0.9,0.9,1,6
030C,0.0,15.18,4.889539855651042,-3.104586617175408,0.0,750,0.9,0.9,1,6
030T,662.0,621.28,82.4530266272864,0.4938569469871279,0.32,750,0.9,0.9,1,6
