,N_real,mean(N_rand),sd(N_rand),Z-score,P-value,size,p2_value,p4_value,cascade_value,rep_num
021C,3893.0,6004.0,751.8928913083299,-2.8075807397603643,0.0,750,0.9,0.9,1,7
021D,114475.0,116543.01,737.3235313619117,-2.8047524757282187,0.0,750,0.9,0.9,1,7
021U,1020.0,1056.99,45.010553206998026,-0.821807273282946,0.21,750,0.9,0.9,1,7
030C,1.0,15.26,5.086491914866277,-2.8035039156009143,0.0,750,0.9,0.9,1,7
030T,638.0,580.48,74.1260386099244,0.7759756366138645,0.24,750,0.9,0.9,1,7
