,N_real,mean(N_rand),sd(N_rand),Z-score,P-value,size,p2_value,p4_value,cascade_value,rep_num
021C,8538.0,9657.5,766.2601581708395,-1.4609920508882897,0.07,750,0.5,0.7,1,5
021D,69544.0,70950.9,712.347015154833,-1.9750205588974017,0.02,750,0.5,0.7,1,5
021U,1137.0,1511.37,72.40810106610999,-5.170277834771455,0.0,750,0.5,0.7,1,5
030C,8.0,49.77,12.69634199287338,-3.289923981525233,0.0,750,0.5,0.7,1,5
030T,1258.0,892.63,96.77041438373611,3.7756374438074802,0.0,750,0.5,0.7,1,5
